name;title;category;address;city;state;phone;website;google_maps_url;rating;reviews_count;instagram
Fernando's Restaurante;Restaurante self-service;Restaurante self-service;Av. Dom Abel Ribeiro, 488 - 7330 - St. Central, Aparecida de Goiânia - GO, 74980-010, Brasil;Aparecida de Goiânia;GO;+556233001772;;https://www.google.com/maps/search/?api=1&query=Fernando's%20Restaurante&query_place_id=ChIJu6JQH4D8XpMRB70as0NeQ1o;4.5;1338;
Aquarius Restaurante - Jardim Luz;Restaurante;Restaurante;Avenida Albert Einstein, Quadra 10, Lote 05 s/n - Jardim da Luz, Goiânia - GO, 74850-320, Brasil;Aparecida de Goiânia;GO;+556232788668;http://www.restauranteaquarius.com.br/;https://www.google.com/maps/search/?api=1&query=Aquarius%20Restaurante%20-%20Jardim%20Luz&query_place_id=ChIJO92WfWjwXpMRyLAag8JDENI;4.5;7545;
Casa da Dona Clara Bistrô;Restaurante;Restaurante;R. Jota, 006 - 108 - Mansões Paraíso, Aparecida de Goiânia - GO, 74952-080, Brasil;Aparecida de Goiânia;GO;+556230853583;https://casa-da-dona-clara-bistr-1.goomer.app/menu;https://www.google.com/maps/search/?api=1&query=Casa%20da%20Dona%20Clara%20Bistr%C3%B4&query_place_id=ChIJN10kqSP6XpMRkyi0vaO5RNU;4.6;1609;
Restaurante Bom Gosto;Restaurante brasileiro;Restaurante brasileiro;R. Vicente Pasin, 178, Aparecida - SP, 12576-020, Brasil;Aparecida de Goiânia;GO;+5512996770093;https://www.facebook.com/bomgostobruno;https://www.google.com/maps/search/?api=1&query=Restaurante%20Bom%20Gosto&query_place_id=ChIJ0dgSu2_DzJQRxh93htStE1M;4.8;2899;
Casa da Picanha;Churrascaria;Churrascaria;Av. Dr. Antônio Gomes de Barros, 702 - Jatiúca, Maceió - AL, 57036-000, Brasil;Aparecida de Goiânia;GO;+558233555339;https://m.facebook.com/CasaDaPicanhaMaceio/;https://www.google.com/maps/search/?api=1&query=Casa%20da%20Picanha&query_place_id=ChIJ1d6SULpFAQcRx9N6kHder0U;4.2;3715;
Akuaba;Restaurante de frutos do mar;Restaurante de frutos do mar;R. Ferroviário Manoel Gonçalves Filho, 6 - Jatiúca, Maceió - AL, 57037-040, Brasil;Aparecida de Goiânia;GO;+558233256199;https://m.facebook.com/akuababr;https://www.google.com/maps/search/?api=1&query=Akuaba&query_place_id=ChIJ88n8EcpFAQcRpXmiR3dplKU;4.6;3426;
Picanha da Esquina;Restaurante;Restaurante;Av. Jataí, 7S - Sitios Santa Luzia, Aparecida de Goiânia - GO, 74922-390, Brasil;Aparecida de Goiânia;GO;+556232780471;;https://www.google.com/maps/search/?api=1&query=Picanha%20da%20Esquina&query_place_id=ChIJOxewX536XpMRDV3tvLZ_LLI;4.5;1927;
Panela Santa Restaurante;Restaurante brasileiro;Restaurante brasileiro;Av. da Paz, qd 155 - lt 04 - St. Garavelo, Aparecida de Goiânia - GO, 74930-570, Brasil;Aparecida de Goiânia;GO;+556239833247;;https://www.google.com/maps/search/?api=1&query=Panela%20Santa%20Restaurante&query_place_id=ChIJgU8l9in4XpMRb1JBemljMZw;4.3;1165;
D’Burguer na brasa;Hamburgueria;Hamburgueria;Av. Independência - St. Serra Dourada - 3ª Etapa, Aparecida de Goiânia - GO, 74973-744, Brasil;Aparecida de Goiânia;GO;+5562991953667;https://www.instagram.com/dburguernabrasaoficial?igsh=MTJsMjltZHRnM3VpOA%3D%3D&utm_source=qr;https://www.google.com/maps/search/?api=1&query=D%E2%80%99Burguer%20na%20brasa&query_place_id=ChIJa_6EERr5XpMRKMfeELhcxxI;4.2;105;https://www.instagram.com/dburguernabrasaoficial?igsh=mtjsmjltzhrnm3vpoa%3d%3d&utm_source=qr
RESTAURANTE SABOR DE CASA;Restaurante;Restaurante;Avenida Santa Rita, QD 13, LT 4, S/N - Jardim Olimpico, Aparecida de Goiânia - GO, 74922-200, Brasil;Aparecida de Goiânia;GO;+556235982519;;https://www.google.com/maps/search/?api=1&query=RESTAURANTE%20SABOR%20DE%20CASA&query_place_id=ChIJf-TTpZ76XpMRZwrUq1BtQmc;4.3;139;
Tapera do Paim Bar e Restaurante;Restaurante;Restaurante;Av. Curussá, Qd 34 - Lt 01 - Jardim Helvecia, Aparecida de Goiânia - GO, 74933-530, Brasil;Aparecida de Goiânia;GO;+5562991717486;;https://www.google.com/maps/search/?api=1&query=Tapera%20do%20Paim%20Bar%20e%20Restaurante&query_place_id=ChIJHakf8G_3XpMR0ZjN6RnxJj8;4.4;2355;
Restaurante Sabor da Roça Família Urcino;Restaurante;Restaurante;Av. Graça Aranha - Jardim Nova Era, Aparecida de Goiânia - GO, 74920-365, Brasil;Aparecida de Goiânia;GO;+5562991215143;;https://www.google.com/maps/search/?api=1&query=Restaurante%20Sabor%20da%20Ro%C3%A7a%20Fam%C3%ADlia%20Urcino&query_place_id=ChIJd0d_LwD7XpMRIsifr1QVQFw;4.8;24;
Restaurante Cristiane - Fogão à Lenha;Restaurante brasileiro;Restaurante brasileiro;Av. dos Colonizadores, Qd 108 - Lt 19 - Vila Brasilia, Aparecida de Goiânia - GO, 74905-270, Brasil;Aparecida de Goiânia;GO;+5562998159461;;https://www.google.com/maps/search/?api=1&query=Restaurante%20Cristiane%20-%20Fog%C3%A3o%20%C3%A0%20Lenha&query_place_id=ChIJx-IJY7PxXpMRbXb-xPfE-X4;4.5;555;
Restaurante Pimenta de Cheiro;Restaurante brasileiro;Restaurante brasileiro;Av. Independência, 742 - Serra dourada 3, Aparecida de Goiânia - GO, 74973-340, Brasil;Aparecida de Goiânia;GO;+556230948365;https://instagram.com/pimentadecheiro018;https://www.google.com/maps/search/?api=1&query=Restaurante%20Pimenta%20de%20Cheiro&query_place_id=ChIJfXJMtYj7XpMRhrCNCdFJ4DM;4.4;577;https://instagram.com/pimentadecheiro018
Jantinhas Grill - Bar e Restaurante;Bares;Bares;Av. Chile - Jardim Belo Horizonte, Aparecida de Goiânia - GO, 74976-030, Brasil;Aparecida de Goiânia;GO;+5562992078969;https://www.instagram.com/jantinhasgrilll_/;https://www.google.com/maps/search/?api=1&query=Jantinhas%20Grill%20-%20Bar%20e%20Restaurante&query_place_id=ChIJO8AtnnP9XpMRnjJYRYYMgI0;4.2;801;https://www.instagram.com/jantinhasgrilll_/
Restaurante Nobre Sabor;Restaurante;Restaurante;Av. da Alvorada, qd 11 - lt 19 - CRUZEIRODO SUL, Aparecida de Goiânia - GO, 74917-020, Brasil;Aparecida de Goiânia;GO;+556235766327;;https://www.google.com/maps/search/?api=1&query=Restaurante%20Nobre%20Sabor&query_place_id=ChIJQR9fRDz7XpMRJyquHwaNz2Q;4.7;46;
SUCULENTOS RESTAURANTE;Restaurante brasileiro;Restaurante brasileiro;Av. Rio Verde - Vila Rosa, Aparecida de Goiânia - GO, 74935-530, Brasil;Aparecida de Goiânia;GO;+5562985170446;;https://www.google.com/maps/search/?api=1&query=SUCULENTOS%20RESTAURANTE&query_place_id=ChIJaZDgXB73XpMRxJeZzATpb1Y;4.4;19;
Brasa e Cia;Restaurante;Restaurante;Av. Dom Fernando Gomes dos Santos, qd 8 - lt 9 - Cidade Livre, Aparecida de Goiânia - GO, 74970-110, Brasil;Aparecida de Goiânia;GO;+5562984356935;;https://www.google.com/maps/search/?api=1&query=Brasa%20e%20Cia&query_place_id=ChIJay4AfrL5XpMR-xa0XkCfjs0;4.9;15;
Restaurante Carvalho;Restaurante;Restaurante;Av. V-8, Qd 331 - lote 11 - Cidade Vera Cruz, Aparecida de Goiânia - GO, 74937-630, Brasil;Aparecida de Goiânia;GO;+5562991863496;;https://www.google.com/maps/search/?api=1&query=Restaurante%20Carvalho&query_place_id=ChIJr-LM6Kf5XpMRR5bewah6L7E;4.9;55;
Pesque Pague Duas Irmãs;Restaurante;Restaurante;Av. Maria Emília de Farias Neves - Porta Florada, Gravatá - PE, 55640-265, Brasil;Aparecida de Goiânia;GO;+5581991834824;https://www.instagram.com/pesquepagueduasirmas/;https://www.google.com/maps/search/?api=1&query=Pesque%20Pague%20Duas%20Irm%C3%A3s&query_place_id=ChIJWQnZuLBJqgcROPPru-YGq-k;4.7;61;https://www.instagram.com/pesquepagueduasirmas/
Lira Bistrô & Restaurante;Restaurante;Restaurante;Rua Senador Alberto Pasqualini, 60 - Estância, Recife - PE, 50781-745, Brasil;Aparecida de Goiânia;GO;+5581997728038;https://instagram.com/lirabistroerestaurante;https://www.google.com/maps/search/?api=1&query=Lira%20Bistr%C3%B4%20%26%20Restaurante&query_place_id=ChIJ43Kmq4MfqwcRRlpPWaZlLcs;5;459;https://instagram.com/lirabistroerestaurante
Lephant Gourmet;Restaurante;Restaurante;Av. São Paulo, 157 - Jardim São Paulo, Recife - PE, 50781-600, Brasil;Aparecida de Goiânia;GO;+558132512178;;https://www.google.com/maps/search/?api=1&query=Lephant%20Gourmet&query_place_id=ChIJbdTxwLweqwcRKWDDqhNtUYw;4.6;57;
Marô Restaurante;Restaurante;Restaurante;Av. Dr. Antônio Gouveia, 607 - Pajuçara, Maceió - AL, 57030-170, Brasil;Aparecida de Goiânia;GO;+5582991688472;https://www.instagram.com/maro.restaurante/;https://www.google.com/maps/search/?api=1&query=Mar%C3%B4%20Restaurante&query_place_id=ChIJ6zMm6UJFAQcR5iVGa0xdKHU;4.8;2757;https://www.instagram.com/maro.restaurante/
Ta na mesaD;Restaurante;Restaurante;Av. São Paulo, 149 - Jardim São Paulo, Recife - PE, 50781-600, Brasil;Aparecida de Goiânia;GO;+5581989754539;;https://www.google.com/maps/search/?api=1&query=Ta%20na%20mesaD&query_place_id=ChIJP9WepsgfqwcRGtYV_90JC0o;4.9;15;
Jardim do Pará;Restaurante;Restaurante;Praça do Jardim São Paulo, 185 - 01 - Jardim São Paulo, Recife - PE, 50781-760, Brasil;Aparecida de Goiânia;GO;+5581920019442;;https://www.google.com/maps/search/?api=1&query=Jardim%20do%20Par%C3%A1&query_place_id=ChIJtXkDJrseqwcRMLkF9OuFLzo;4.9;72;
Restaurante São Paulo;Restaurante;Restaurante;Av. Getúlio Vargas, 112 - Lages, Ibimirim - PE, 56580-000, Brasil;Aparecida de Goiânia;GO;+5587981192912;;https://www.google.com/maps/search/?api=1&query=Restaurante%20S%C3%A3o%20Paulo&query_place_id=ChIJfxyXxrsjCAcRWb9aN4WYGhU;4.2;227;
Kanjoy Cozinha Oriental Jardim São Paulo;Restaurante;Restaurante;R. Frei Atanásio, 444 - Jardim São Paulo, Recife - PE, 50781-530, Brasil;Aparecida de Goiânia;GO;+5581991460064;https://kanjoyorientaljsp.menudino.com/;https://www.google.com/maps/search/?api=1&query=Kanjoy%20Cozinha%20Oriental%20Jardim%20S%C3%A3o%20Paulo&query_place_id=ChIJ75ebNQcfqwcReW-rcduixPc;4.7;27;
Restaurante O Beco;Restaurante;Restaurante;R. Pref. Augusto de Barros Falcao, 129, São Miguel dos Milagres - AL, 57940-000, Brasil;Aparecida de Goiânia;GO;+5582996343633;https://sites.google.com/view/obecorestaurantesmm/p%C3%A1gina-inicial;https://www.google.com/maps/search/?api=1&query=Restaurante%20O%20Beco&query_place_id=ChIJxV--tmj9AAcR6vkOE4mYZNI;4.6;856;
Buca Trattoria;Restaurante italiano;Restaurante italiano;R. Santo Elías, 350 - Espinheiro, Recife - PE, 52020-090, Brasil;Aparecida de Goiânia;GO;+5581997507245;http://bucadelivery.com/;https://www.google.com/maps/search/?api=1&query=Buca%20Trattoria&query_place_id=ChIJwXcvRvAYqwcRjXTi1MX78hQ;4.7;783;
Micale;Restaurante italiano;Restaurante italiano;R. Durval Guimarães, 1298 - Ponta Verde, Maceió - AL, 57035-060, Brasil;Aparecida de Goiânia;GO;+5582996029997;https://hi.switchy.io/NtTY;https://www.google.com/maps/search/?api=1&query=Micale&query_place_id=ChIJ615wASVFAQcRvOIsKmUMQgE;4.9;2529;
Quintal do Zé;Restaurante;Restaurante;R. Felisberto de Ataíde, 126, São Miguel dos Milagres - AL, 57940-000, Brasil;Aparecida de Goiânia;GO;+5582993018686;https://quintaldoze.ola.click/;https://www.google.com/maps/search/?api=1&query=Quintal%20do%20Z%C3%A9&query_place_id=ChIJlbT9ILX9AAcRvO_jDmca4YI;4.9;1149;
Bode do Nô Boa Viagem - Restaurante;Restaurante;Restaurante;Rua Dr. João Guilherme Pontes Sobrinho, 245 - Boa Viagem, Recife - PE, 51021-090, Brasil;Aparecida de Goiânia;GO;+558134550912;https://bodedono.com.br/bdnboaviagem;https://www.google.com/maps/search/?api=1&query=Bode%20do%20N%C3%B4%20Boa%20Viagem%20-%20Restaurante&query_place_id=ChIJbwXvbbMfqwcRYAnbBxpNVyI;4.6;11888;
Restaurante No Quintal;Restaurante brasileiro;Restaurante brasileiro;R. do Campo, s/n - Praia do Toque, São Miguel dos Milagres - AL, 57940-000, Brasil;Aparecida de Goiânia;GO;+5582999107078;https://www.facebook.com/No-Quintal-Restaurante-Praia-do-Toque-181768048584244/;https://www.google.com/maps/search/?api=1&query=Restaurante%20No%20Quintal&query_place_id=ChIJaXjUDeP8AAcRFQTPgf41mJM;4.7;1669;
Restaurante Água de Coco;Restaurante;Restaurante;R. José Paulo da Silva - Encruzilhada de São João, Bezerros - PE, 55660-000, Brasil;Aparecida de Goiânia;GO;+5581994160542;;https://www.google.com/maps/search/?api=1&query=Restaurante%20%C3%81gua%20de%20Coco&query_place_id=ChIJ98uPD3IhqgcRYXczvYajjag;4.4;2122;
Bar e Restaurante Charque do Paulista;Restaurante;Restaurante;R. São Paulo, 122 - Maurício de Nassau, Caruaru - PE, 55012-000, Brasil;Aparecida de Goiânia;GO;+5581998734203;https://mechamenozap.com.br/charquedopaulista/;https://www.google.com/maps/search/?api=1&query=Bar%20e%20Restaurante%20Charque%20do%20Paulista&query_place_id=ChIJ-_wFaMeLqQcRl3rd6OQ0aAA;4.6;880;
Pizzaria e Restaurante dos Gêmeos;Pizzaria;Pizzaria;R. Leandro Barreto, 1309 - Jardim São Paulo, Recife - PE, 50910-220, Brasil;Aparecida de Goiânia;GO;+558132521111;;https://www.google.com/maps/search/?api=1&query=Pizzaria%20e%20Restaurante%20dos%20G%C3%AAmeos&query_place_id=ChIJD9MA37oeqwcRegUFCNTImi8;4.5;2102;
Restaurante Beijupirá;Restaurante de frutos do mar;Restaurante de frutos do mar;R. Beijupirá, 90 - Porto de Galinhas, Ipojuca - PE, 55590-000, Brasil;Aparecida de Goiânia;GO;+5581998578496;http://www.beijupira.com.br/;https://www.google.com/maps/search/?api=1&query=Restaurante%20Beijupir%C3%A1&query_place_id=ChIJXauF9yiSqgcROOrbKubQbrQ;4.5;4914;
Doca Bar E Restaurante;Restaurante self-service;Restaurante self-service;R. São Paulo, 190C - Vila Popular, Olinda - PE, 53230-241, Brasil;Aparecida de Goiânia;GO;+5581985242198;;https://www.google.com/maps/search/?api=1&query=Doca%20Bar%20E%20Restaurante&query_place_id=ChIJ9dzNKagiqwcR8m04_Bt69XE;4.7;486;
São Pedro Restaurante;Restaurante de frutos do mar;Restaurante de frutos do mar;Pátio de São Pedro, 33 - São José, Recife - PE, 50010-340, Brasil;Aparecida de Goiânia;GO;+5581982993333;https://www.instagram.com/saopedrorestaurante/;https://www.google.com/maps/search/?api=1&query=S%C3%A3o%20Pedro%20Restaurante&query_place_id=ChIJlVYKTLcYqwcRXsXUBwL6jxc;4.6;735;https://www.instagram.com/saopedrorestaurante/
Aconchego da Lila Restaurante;Restaurante;Restaurante;R. Santo Antônio, 1040 - Jardim Paulista, Paulista - PE, 53401-040, Brasil;Aparecida de Goiânia;GO;+5581986669968;https://aconchegodalilarestaurante.ola.click/products;https://www.google.com/maps/search/?api=1&query=Aconchego%20da%20Lila%20Restaurante&query_place_id=ChIJHRD2ROEXqwcRJLLVL4RrPqA;4.7;129;
Rancho da Carioca;Restaurante;Restaurante;BA-210, 3 - Prainha, Paulo Afonso - BA, 48609-505, Brasil;Aparecida de Goiânia;GO;+5575991591100;https://www.ranchodacarioca.com.br/;https://www.google.com/maps/search/?api=1&query=Rancho%20da%20Carioca&query_place_id=ChIJE2Nr-DQ3CQcRmV8DI-qYYRE;4.6;2775;
Budega do Chico Restaurante;Restaurante;Restaurante;PE-060 - Engenho São Paulo, Ipojuca - PE, 55590-000, Brasil;Aparecida de Goiânia;GO;+5581984316482;https://www.instagram.com/budega_do_chico?igsh=ZG5tYWpwOTUxc3Ay;https://www.google.com/maps/search/?api=1&query=Budega%20do%20Chico%20Restaurante&query_place_id=ChIJ0UZH83aPqgcRArgIvyftiOg;4.9;74;https://www.instagram.com/budega_do_chico?igsh=zg5tywpwotuxc3ay
Ilha dos Navegantes;Restaurante de frutos do mar;Restaurante de frutos do mar;R. dos Navegantes, 2055 - Boa Viagem, Recife - PE, 51020-011, Brasil;Aparecida de Goiânia;GO;+558133265317;;https://www.google.com/maps/search/?api=1&query=Ilha%20dos%20Navegantes&query_place_id=ChIJAczxeKYfqwcRzRfunVaHp0c;4.5;3565;
Restaurante Empório Prime;Restaurante;Restaurante;Av. Ayrton Senna da Silva, 190 - Piedade, Jaboatão dos Guararapes - PE, 54420-190, Brasil;Aparecida de Goiânia;GO;+558134784214;https://www.instagram.com/emporioprime1;https://www.google.com/maps/search/?api=1&query=Restaurante%20Emp%C3%B3rio%20Prime&query_place_id=ChIJv24jOwnhqgcRrXhp_kgBLL0;4.7;1238;https://www.instagram.com/emporioprime1
Granja Muito Tudo;Restaurante de frango;Restaurante de frango;Av. São Paulo, 441 - Jardim São Paulo, Recife - PE, 50781-600, Brasil;Aparecida de Goiânia;GO;+558132530521;;https://www.google.com/maps/search/?api=1&query=Granja%20Muito%20Tudo&query_place_id=ChIJnRhTNbseqwcRIPVKOE36Zb8;4.5;66;
Danado de Bom;Restaurante self-service;Restaurante self-service;Galeria San Remo - Av. São Paulo, 219 - loja 04 - Jardim São Paulo, Recife - PE, 50781-600, Brasil;Aparecida de Goiânia;GO;+5581986834089;;https://www.google.com/maps/search/?api=1&query=Danado%20de%20Bom&query_place_id=ChIJKRfYu7weqwcR9uYG9m1yknI;4;7;
Restaurante Sabor de Maragogi;Restaurante;Restaurante;Peroba - Rod AL 101 Norte, Maragogi - AL, 57955-000, Brasil;Aparecida de Goiânia;GO;+5582993475940;https://www.instagram.com/sabordmaragogi/;https://www.google.com/maps/search/?api=1&query=Restaurante%20Sabor%20de%20Maragogi&query_place_id=ChIJTSjq9tNjAAcR0Dr61azSHR4;4.4;1789;https://www.instagram.com/sabordmaragogi/
Academia Transformers;Academia;Academia;AV. INDEPENDÊNCIA QD.C-1, LT. 08 - Jardim Cristalino, Aparecida de Goiânia - GO, 74968-085, Brasil;Aparecida de Goiânia;GO;+556232805681;;https://www.google.com/maps/search/?api=1&query=Academia%20Transformers&query_place_id=ChIJUYLlvPr7XpMRa7tf_ke1Zok;4.8;422;
DELTA Academia Aparecida de Goiânia;Academia;Academia;Av. Independência, QD-14 - LT-08 - Res. Village Garavelo, Aparecida de Goiânia - GO, 74980-970, Brasil;Aparecida de Goiânia;GO;+5562991877476;https://wa.me/5562991877476?text=Ol%C3%A1+!+vim+pelo+google+Maps;https://www.google.com/maps/search/?api=1&query=DELTA%20Academia%20Aparecida%20de%20Goi%C3%A2nia&query_place_id=ChIJb5y4CgP7XpMRuJ07TggnKsA;4.9;171;
HUMMER ACADEMIA | Aparecida de Goiânia;Academia;Academia;Av. Dr. Vicente Manso Pereira, qd 29 - lt 38 - Bairro Ilda, Aparecida de Goiânia - GO, 74935-680, Brasil;Aparecida de Goiânia;GO;+5562981002504;https://evo-totem.w12app.com.br/hummerfit/1/page/landing-page;https://www.google.com/maps/search/?api=1&query=HUMMER%20ACADEMIA%20%7C%20Aparecida%20de%20Goi%C3%A2nia&query_place_id=ChIJi2AibOH3XpMRQytPVHCnC5Y;4.8;221;
Bravo's Academia;Academia;Academia;Av. das Nações - St. Central, Aparecida de Goiânia - GO, 74980-055, Brasil;Aparecida de Goiânia;GO;+5562992230956;https://instagram.com/bravos_academia_?igshid=YmMyMTA2M2Y=;https://www.google.com/maps/search/?api=1&query=Bravo's%20Academia&query_place_id=ChIJWcfQqwn9XpMRsrJMzmOxaG0;4.8;314;https://instagram.com/bravos_academia_?igshid=ymmymta2m2y=
Infinity Life Gyn;Academia;Academia;1654-1812 - Av. São Paulo, 1654-1812 - Vila Brasilia, Aparecida de Goiânia - GO, 74905-730, Brasil;Aparecida de Goiânia;GO;+556232807125;;https://www.google.com/maps/search/?api=1&query=Infinity%20Life%20Gyn&query_place_id=ChIJhUXy7pDwXpMRAMiTkghpHBc;4.6;280;
Academia Cia Flex;Sala de fitness;Sala de fitness;Garavelo Center Shopping - Rua 9 C, Piso 2 Bairro - Cardoso, Aparecida de Goiânia - GO, 74934-520, Brasil;Aparecida de Goiânia;GO;+5562993648779;https://www.ciaflexacademia.com.br/;https://www.google.com/maps/search/?api=1&query=Academia%20Cia%20Flex&query_place_id=ChIJR5WDF9X5XpMRrg7UloyFHjI;4.4;348;
Invictus Academia - Parque Sta. Cecília;Academia;Academia;R. Cinco, Q 10 - L 23 - Jardim Santa Cecilia, Aparecida de Goiânia - GO, 74919-345, Brasil;Aparecida de Goiânia;GO;+556239913745;http://linktr.ee/invictusacademiago;https://www.google.com/maps/search/?api=1&query=Invictus%20Academia%20-%20Parque%20Sta.%20Cec%C3%ADlia&query_place_id=ChIJu0QbKQX7XpMRNg7Pvhcwd1E;4.7;81;
Academia Panobianco Independência ApGyn | Aberta todos os dias das 5h as 23h | Musculação Cardio | Aparecida de Goiânia;Academia;Academia;Av. Independência, 3654 - Bairro Independência, Aparecida de Goiânia - GO, 74967-145, Brasil;Aparecida de Goiânia;GO;+5562991810296;https://www.instagram.com/panobiancoindependencia.apgyn;https://www.google.com/maps/search/?api=1&query=Academia%20Panobianco%20Independ%C3%AAncia%20ApGyn%20%7C%20Aberta%20todos%20os%20dias%20das%205h%20as%2023h%20%7C%20Muscula%C3%A7%C3%A3o%20Cardio%20%7C%20Aparecida%20de%20Goi%C3%A2nia&query_place_id=ChIJ-5foXEz5XpMRJZlM3lCEHbE;4.4;44;https://www.instagram.com/panobiancoindependencia.apgyn
W Gyn Fitness;Academia;Academia;R. Paraguassu, 765 - Vila Brasilia, Aparecida de Goiânia - GO, 74905-600, Brasil;Aparecida de Goiânia;GO;+5562986364299;;https://www.google.com/maps/search/?api=1&query=W%20Gyn%20Fitness&query_place_id=ChIJoSt6UFjxXpMRnbuoU-CdQzc;4.4;87;
Trix Academia- A maior do Garavelo;Academia;Academia;R. 34-E, qd 33 - LT 18 - St. Garavelo Res. Park, Aparecida de Goiânia - GO, 74932-550, Brasil;Aparecida de Goiânia;GO;+5562981415282;;https://www.google.com/maps/search/?api=1&query=Trix%20Academia-%20A%20maior%20do%20Garavelo&query_place_id=ChIJkWYSkiH4XpMRTAF1P81S89A;4.5;355;
Acqua Power Academia;Escola de natação;Escola de natação;R. Bandeirante, Quadra 06 - lote 09 - Jardim Luz, Aparecida de Goiânia - GO, 74915-040, Brasil;Aparecida de Goiânia;GO;+556239521110;https://www.instagram.com/acquapower.ap?igsh=dGM4cmdweWJ5N3Bw;https://www.google.com/maps/search/?api=1&query=Acqua%20Power%20Academia&query_place_id=ChIJKYNKBnzxXpMRA23C3sRhejY;4.9;118;https://www.instagram.com/acquapower.ap?igsh=dgm4cmdwewj5n3bw
Academia Shalom;Academia;Academia;Av. Santana, 1560 - Nova Olinda, Aparecida de Goiânia - GO, 74988-787, Brasil;Aparecida de Goiânia;GO;+556235837689;;https://www.google.com/maps/search/?api=1&query=Academia%20Shalom&query_place_id=ChIJ_4Rn-b79XpMRFSWubKgORjk;4.7;230;
Stronger Fitness - Centro de Treinamento | CT Stronger;Academia;Academia;Av. das Nações, Qd 40 - Lt 31 - Campos Elíseos, Aparecida de Goiânia - GO, 74959-003, Brasil;Aparecida de Goiânia;GO;+556235190605;;https://www.google.com/maps/search/?api=1&query=Stronger%20Fitness%20-%20Centro%20de%20Treinamento%20%7C%20CT%20Stronger&query_place_id=ChIJr33hG6r5XpMRBOgY7DafL7Y;4.6;430;
Impacto Academia;Academia;Academia;s/n Rua Silva Bueno, Rua L-8, Quadra 13 - Jardim Nova Era, Aparecida de Goiânia - GO, 74916-150, Brasil;Aparecida de Goiânia;GO;+556230972799;;https://www.google.com/maps/search/?api=1&query=Impacto%20Academia&query_place_id=ChIJI8mw07PwXpMRe_RCqVCQzB4;4.7;287;
SkyFit Aparecida de Goiânia;Sala de fitness;Sala de fitness;R. 14 - Cardoso Continuação, Aparecida de Goiânia - GO, 74934-120, Brasil;Aparecida de Goiânia;GO;+5562993317093;https://skyfitacademia.com/unidade/aparecida-de-goiania-go/;https://www.google.com/maps/search/?api=1&query=SkyFit%20Aparecida%20de%20Goi%C3%A2nia&query_place_id=ChIJPTFvgbv5XpMRRh2jM73By4E;4.2;306;
Bear Box;Academia;Academia;Av. Atlântica, S/N - Qd 123 Lt 24 - Jardim Buriti Sereno, Aparecida de Goiânia - GO, 74944-090, Brasil;Aparecida de Goiânia;GO;+5562984075104;https://bit.ly/whats-bearbox;https://www.google.com/maps/search/?api=1&query=Bear%20Box&query_place_id=ChIJ2-qaWpH5XpMRuhcbjoTAAns;5;184;
Academia Play Fit;Academia;Academia;Av. Diamante - Vila Oliveira, Aparecida de Goiânia - GO, 74955-220, Brasil;Aparecida de Goiânia;GO;+5562993306942;https://playfitacademia.com.br/;https://www.google.com/maps/search/?api=1&query=Academia%20Play%20Fit&query_place_id=ChIJP30yhXj7XpMRRbgHg5wu8Y8;4.6;417;
ChinaTorre;Restaurante chinês;Restaurante chinês;Quarta Travessa Maragogipe, 50 - Jardim São Paulo, Recife - PE, 50790-114, Brasil;Aparecida de Goiânia;GO;+5581999028312;;https://www.google.com/maps/search/?api=1&query=ChinaTorre&query_place_id=ChIJc6ROamgfqwcRgD7E3laeHPc;4.4;11;
Oratório;Restaurante;Restaurante;Av. Beira Rio, 304 - Centro, Penedo - AL, 57200-000, Brasil;Aparecida de Goiânia;GO;+558235512985;;https://www.google.com/maps/search/?api=1&query=Orat%C3%B3rio&query_place_id=ChIJD59_quxUBAcR-amK2Ea0cgE;4.3;1975;
Aplânttica Pizzaria e Restaurante;Pizzaria;Pizzaria;Av. Liberdade, 704 - Jardim São Paulo, Recife - PE, 50920-310, Brasil;Aparecida de Goiânia;GO;+558130343784;https://www.instagram.com/aplanttica/;https://www.google.com/maps/search/?api=1&query=Apl%C3%A2nttica%20Pizzaria%20e%20Restaurante&query_place_id=ChIJix4hJbIdqwcRl3sPAqWa3x8;4.4;259;https://www.instagram.com/aplanttica/
Russo Gastrobar Maragogi;Restaurante;Restaurante;Av. Sen. Rui Palmeira, 467 - Orla, Maragogi - AL, 57955-000, Brasil;Aparecida de Goiânia;GO;+5582991744599;http://www.russogastrobar.com.br/;https://www.google.com/maps/search/?api=1&query=Russo%20Gastrobar%20Maragogi&query_place_id=ChIJea2ciVr1AAcRinVDorL3ddQ;4.2;2449;
Camboa Bar e Restaurante;Restaurante brasileiro;Restaurante brasileiro;AL-101, S/N - Povoado Bitingui, Japaratinga - AL, 57950-000, Brasil;Aparecida de Goiânia;GO;+5582981557069;https://www.camboa.sabordetudo.com.br/;https://www.google.com/maps/search/?api=1&query=Camboa%20Bar%20e%20Restaurante&query_place_id=ChIJtzkAKwP3AAcR2WXRJ2_KktA;4.6;1233;
Passira Jardim São Paulo - Pizzaria & Restaurante;Restaurante;Restaurante;Av. São Paulo, 505 - Jardim São Paulo, Recife - PE, 50910-250, Brasil;Aparecida de Goiânia;GO;+558141016858;;https://www.google.com/maps/search/?api=1&query=Passira%20Jardim%20S%C3%A3o%20Paulo%20-%20Pizzaria%20%26%20Restaurante&query_place_id=ChIJJ6ZCGAAfqwcRV5gsJzqrSJ0;2.9;41;
Padaria La Roque Pães & Delícias;Padaria;Padaria;R. Leandro Barreto, 512 - Jardim São Paulo, Recife - PE, 50790-000, Brasil;Aparecida de Goiânia;GO;+558130396045;;https://www.google.com/maps/search/?api=1&query=Padaria%20La%20Roque%20P%C3%A3es%20%26%20Del%C3%ADcias&query_place_id=ChIJocfe6qAeqwcRNbxKWCMVOFQ;4.5;6169;
Cariri;Restaurante;Restaurante;Av. Santos Dumont, 1870 - Atalaia, Aracaju - SE, 49037-475, Brasil;Aparecida de Goiânia;GO;+557932431379;https://www.instagram.com/caririsergipe/;https://www.google.com/maps/search/?api=1&query=Cariri&query_place_id=ChIJgwFOCUyxGgcRezEdV2QPMcQ;4.6;10467;https://www.instagram.com/caririsergipe/
Empório Burguer Hamburgueria - Jardim São Paulo;Hamburgueria;Hamburgueria;Av. São Paulo, 813 - Jardim São Paulo, Recife - PE, 50910-250, Brasil;Aparecida de Goiânia;GO;+5581981886008;https://www.ifood.com.br/delivery/recife-pe/emporio-burguer---jardim-sao-paulo-jardim-sao-paulo/48dfe4ec-ea7a-4c2b-9245-a299e13dfaf6?utm_medium=share;https://www.google.com/maps/search/?api=1&query=Emp%C3%B3rio%20Burguer%20Hamburgueria%20-%20Jardim%20S%C3%A3o%20Paulo&query_place_id=ChIJ7ZlQ3dMfqwcR9WCF7HhZE_4;4;45;
Restaurante Natália Lima - Porto de Galinhas;Restaurante;Restaurante;R. dos Navegantes, 73 - Porto de Galinhas, Ipojuca - PE, 55590-000, Brasil;Aparecida de Goiânia;GO;+5581996850964;;https://www.google.com/maps/search/?api=1&query=Restaurante%20Nat%C3%A1lia%20Lima%20-%20Porto%20de%20Galinhas&query_place_id=ChIJZd9_LIiRqgcRMsr0SANclO0;4.3;479;
Restaurante Catulé | Serra Talhada;Petiscaria;Petiscaria;Av. João Kehrle - Ipsep, Serra Talhada - PE, 56912-070, Brasil;Aparecida de Goiânia;GO;+5587996430403;https://linktr.ee/restaurantecatule;https://www.google.com/maps/search/?api=1&query=Restaurante%20Catul%C3%A9%20%7C%20Serra%20Talhada&query_place_id=ChIJcTdGPLgXpwcRQoxALfBH1Yw;4.6;907;
Restaurante Sabor Nordestino;Restaurante;Restaurante;BR-423, Paranatama - PE, 55355-000, Brasil;Aparecida de Goiânia;GO;+5581993282931;;https://www.google.com/maps/search/?api=1&query=Restaurante%20Sabor%20Nordestino&query_place_id=ChIJieCWzbOlBwcRZN-m3Coxh6M;4.7;94;
Bar e Restaurante - Recanto Paulista - Garanhuns;Restaurante;Restaurante;Av. Euclídes Dourado, 358 - Heliópolis, Garanhuns - PE, 55295-610 - Heliópolis, Garanhuns - PE, 55296-500, Brasil;Aparecida de Goiânia;GO;+5587996590727;https://www.instagram.com/barrecantopaulista/;https://www.google.com/maps/search/?api=1&query=Bar%20e%20Restaurante%20-%20Recanto%20Paulista%20-%20Garanhuns&query_place_id=ChIJYZTuuCANBwcRU3iknMWh44o;4.6;753;https://www.instagram.com/barrecantopaulista/
Duetto Restaurante;Restaurante mediterrâneo;Restaurante mediterrâneo;R. José de Albuquerque Feijó, 86-164 - Coroa do Meio, Aracaju - SE, 49035-810, Brasil;Aparecida de Goiânia;GO;+5579998945718;;https://www.google.com/maps/search/?api=1&query=Duetto%20Restaurante&query_place_id=ChIJDa-xrhy3GgcR5uFWLm4-vMg;4.7;77;
Barraca;Restaurante brasileiro;Restaurante brasileiro;R. Esperança, n°430 - Porto de Galinhas, Ipojuca - PE, 55590-000, Brasil;Aparecida de Goiânia;GO;+5581982110202;https://www.instagram.com/barracacozinhabrasileira/?hl=pt-br;https://www.google.com/maps/search/?api=1&query=Barraca&query_place_id=ChIJzZSmdAeTqgcRW1NLpFIU2XI;4.6;2669;https://www.instagram.com/barracacozinhabrasileira/?hl=pt-br
Restaurante Canyons do gavião;Restaurante;Restaurante;Piranhas, AL, 57460-000, Brasil;Aparecida de Goiânia;GO;+5582996641024;https://www.facebook.com/restauranter3canyonsdogaviao;https://www.google.com/maps/search/?api=1&query=Restaurante%20Canyons%20do%20gavi%C3%A3o&query_place_id=ChIJc3TOM9ktDwcRRZvRMsC130E;4.5;635;
Restaurante Burgogui;Restaurante coreano;Restaurante coreano;Rua Jader Andrade, 168 - Casa Forte, Recife - PE, 52061-060, Brasil;Aparecida de Goiânia;GO;+5581998591789;;https://www.google.com/maps/search/?api=1&query=Restaurante%20Burgogui&query_place_id=ChIJ1falwe8YqwcR-hdW8Blg55I;4.7;1126;
Braga Burguer e Petiscos;Hamburgueria;Hamburgueria;Rua Apeninos, Av. São Paulo, 16, Recife - PE, 50781-600, Brasil;Aparecida de Goiânia;GO;+5581983654779;https://www.ifood.com.br/delivery/recife-pe/braga-burguer-jardim-sao-paulo/e94682f7-e154-4c57-b51f-36ece4fdd0f5;https://www.google.com/maps/search/?api=1&query=Braga%20Burguer%20e%20Petiscos&query_place_id=ChIJkW2I528fqwcRT0r-qxMSjTU;4.5;150;
Restaurante Itaoca;Restaurante brasileiro;Restaurante brasileiro;Praça Piscinas Naturais 10 Quadra A, s/n - Porto de Galinhas, Ipojuca - PE, 55595-001, Brasil;Aparecida de Goiânia;GO;+5581988764794;;https://www.google.com/maps/search/?api=1&query=Restaurante%20Itaoca&query_place_id=ChIJFdwbeSmSqgcRuz-8lvFcccQ;3.8;3896;
Bar do Cuscuz;Restaurante;Restaurante;Av. Fernando Simões Barbosa, 170 - Boa Viagem, Recife - PE, 51020-390, Brasil;Aparecida de Goiânia;GO;+558130725272;http://www.instagram.com/bardocuscuzrecife;https://www.google.com/maps/search/?api=1&query=Bar%20do%20Cuscuz&query_place_id=ChIJ20pasMcfqwcRVFcXrDOP9dg;4.6;8187;http://www.instagram.com/bardocuscuzrecife
Bar Ilha;Restaurante de frutos do mar;Restaurante de frutos do mar;Av. Nossa Sra. da Conceição, 90 - Massagueira, Mal. Deodoro - AL, 57160-000, Brasil;Aparecida de Goiânia;GO;+5582991106267;https://www.instagram.com/barilhaoficial?igsh=eGFqZXI5azZwYWtl;https://www.google.com/maps/search/?api=1&query=Bar%20Ilha&query_place_id=ChIJWXOsasHIpgcRT36E2TaOgwU;4.6;1482;https://www.instagram.com/barilhaoficial?igsh=egfqzxi5azzwywtl
Restaurante Mariscada - Beira Mar , Olinda;Restaurante;Restaurante;Av. Min. Marcos Freire, 521 - Bairro Novo, Olinda - PE, 53030-000, Brasil;Aparecida de Goiânia;GO;+558134294432;https://instagram.com/restaurante.mariscada?igshid=MzRlODBiNWFlZA==;https://www.google.com/maps/search/?api=1&query=Restaurante%20Mariscada%20-%20Beira%20Mar%20%2C%20Olinda&query_place_id=ChIJvQ0aebUiqwcRsMwwABBwGtg;4.3;5395;https://instagram.com/restaurante.mariscada?igshid=mzrlodbinwflza==
Restaurante & Churrascaria Cozinha Nordestina;Restaurante;Restaurante;São Luís do Quitunde - AL, 57920-000, Brasil;Aparecida de Goiânia;GO;+558232541898;https://pt-br.facebook.com/cozinhanordestina;https://www.google.com/maps/search/?api=1&query=Restaurante%20%26%20Churrascaria%20Cozinha%20Nordestina&query_place_id=ChIJYdLTiT48AQcR_ym4_hHEU9c;4.2;532;
Hamburgueria Fogo No Pão - Jardim São Paulo;Hamburgueria;Hamburgueria;Rua Senador Alberto Pasqualini, 361 - Jardim São Paulo, Recife - PE, 50781-745, Brasil;Aparecida de Goiânia;GO;+5581996844840;https://pedido.anota.ai/loja/fogo-no-pao-recife?f=ms;https://www.google.com/maps/search/?api=1&query=Hamburgueria%20Fogo%20No%20P%C3%A3o%20-%20Jardim%20S%C3%A3o%20Paulo&query_place_id=ChIJkejL4iEfqwcR2Zc_0haZHoM;5;3;
CÁ-JÁ Restaurante;Restaurante brasileiro;Restaurante brasileiro;R. Carneiro Viléla, 648 - Aflitos, Recife - PE, 52050-038, Brasil;Aparecida de Goiânia;GO;+558131260648;http://www.instagram.com/vempracaja;https://www.google.com/maps/search/?api=1&query=C%C3%81-J%C3%81%20Restaurante&query_place_id=ChIJ0VVbXfgYqwcRktaJ9zjIUdc;4.6;2093;http://www.instagram.com/vempracaja
Mi Casa, o seu Restaurante na Praia;Restaurante;Restaurante;Rua João Paulo, I - lotes 15,17 e 18 - Praia do Riacho, São Miguel dos Milagres - AL, 57940-000, Brasil;Aparecida de Goiânia;GO;+5582991227896;;https://www.google.com/maps/search/?api=1&query=Mi%20Casa%2C%20o%20seu%20Restaurante%20na%20Praia&query_place_id=ChIJd0DsMlj9AAcRAS-j7lTcRxM;4.4;664;
Caldinho do Cláudio;Restaurante;Restaurante;R. Esperança, 446 - Porto de Galinhas, Ipojuca - PE, 55590-000, Brasil;Aparecida de Goiânia;GO;+558135521757;https://www.instagram.com/caldinhodoclaudio;https://www.google.com/maps/search/?api=1&query=Caldinho%20do%20Cl%C3%A1udio&query_place_id=ChIJT1WFdymSqgcRkZIcpu5sw08;4.4;1287;https://www.instagram.com/caldinhodoclaudio
Restaurante Ponto do Sabor;Restaurante brasileiro;Restaurante brasileiro;Av. Divina Pastora, 100 - Massagueira, Mal. Deodoro - AL, 57160-000, Brasil;Aparecida de Goiânia;GO;+558232607205;;https://www.google.com/maps/search/?api=1&query=Restaurante%20Ponto%20do%20Sabor&query_place_id=ChIJZYNJVyZTAQcRKaZ66WNyLeo;4.6;476;
Restaurante são Miguel;Restaurante;Restaurante;Av. Pedro e Paulo Alves da Rocha, 253 - Nova Santa Cruz, Santa Cruz do Capibaribe - PE, 55190-000, Brasil;Aparecida de Goiânia;GO;+5581996934288;;https://www.google.com/maps/search/?api=1&query=Restaurante%20s%C3%A3o%20Miguel&query_place_id=ChIJmylgc-t1qQcRoWhNlC1gSoM;4.5;60;
Restaurante Tô no Patacho;Restaurante;Restaurante;Alameda Ladislau Lima - Porto de Pedras, AL, 57945-000, Brasil;Aparecida de Goiânia;GO;+5582994072732;;https://www.google.com/maps/search/?api=1&query=Restaurante%20T%C3%B4%20no%20Patacho&query_place_id=ChIJpcFSwVH7AAcRge0NCONR2Ho;4.4;261;
Manzuá Gourmet;Restaurante de frutos do mar;Restaurante de frutos do mar;R. Eurico Marinho, São Miguel dos Milagres - AL, 57940-000, Brasil;Aparecida de Goiânia;GO;+5582991434708;https://instagram.com/manzua_gourmet?igshid=YmMyMTA2M2Y=;https://www.google.com/maps/search/?api=1&query=Manzu%C3%A1%20Gourmet&query_place_id=ChIJJS4Pr_X8AAcR2SiSNgfRhxc;4.4;547;https://instagram.com/manzua_gourmet?igshid=ymmymta2m2y=
Ser-Afim;Restaurante vegetariano;Restaurante vegetariano;R. Gaspar Ferrari, 175 - Ponta Verde, Maceió - AL, 57035-100, Brasil;Aparecida de Goiânia;GO;+558230228442;http://www.instagram.com/serafimmaceio;https://www.google.com/maps/search/?api=1&query=Ser-Afim&query_place_id=ChIJw8hdaspFAQcROCeTs97lFXQ;4.8;1129;http://www.instagram.com/serafimmaceio
República dos Camarões;Restaurante de frutos do mar;Restaurante de frutos do mar;Av. Santos Dumont, 1750 - Coroa do Meio, Aracaju - SE, 49035-785, Brasil;Aparecida de Goiânia;GO;+557932553361;;https://www.google.com/maps/search/?api=1&query=Rep%C3%BAblica%20dos%20Camar%C3%B5es&query_place_id=ChIJ8YT1fLO2GgcRC-2ZwEfNyOw;4.6;3966;
Pizza Palace;Pizzaria;Pizzaria;Av. São Paulo, 485 - Shopping Jardim - Loja 09 - Térreo - Jardim São Paulo, Recife - PE, 50781-600, Brasil;Aparecida de Goiânia;GO;+558132547111;;https://www.google.com/maps/search/?api=1&query=Pizza%20Palace&query_place_id=ChIJKx-vzaQeqwcRyhIz_wIr-g4;4.1;747;
Galeteria São Paulo;Restaurante de frango;Restaurante de frango;R. São Paulo, 70 - Tabuleiro do Martins, Maceió - AL, 57061-130, Brasil;Aparecida de Goiânia;GO;+558233246824;;https://www.google.com/maps/search/?api=1&query=Galeteria%20S%C3%A3o%20Paulo&query_place_id=ChIJG4wc-ldIAQcRfV8qt4__BUs;4.3;77;
Espelunca;Restaurante vegetariano;Restaurante vegetariano;R. Dr. Márcio Rollemberg Leite, 717 - Luzia, Aracaju - SE, 49045-190, Brasil;Aparecida de Goiânia;GO;+5579996859183;https://instagram.com/vamodeespelunca;https://www.google.com/maps/search/?api=1&query=Espelunca&query_place_id=ChIJc78aRS6zGgcRDHuFfrtlu9w;4.9;223;https://instagram.com/vamodeespelunca
Restaurante Garuva | Ponta Verde, Maceió;Restaurante;Restaurante;R. Dep. José Lages, 813 - Ponta Verde, Maceió - AL, 57035-230, Brasil;Aparecida de Goiânia;GO;+5582993360440;https://linktr.ee/garuva.restaurante;https://www.google.com/maps/search/?api=1&query=Restaurante%20Garuva%20%7C%20Ponta%20Verde%2C%20Macei%C3%B3&query_place_id=ChIJ1YOWmqpFAQcRjbYwl4ep1oc;4.8;1340;
Betos Bar;Restaurante brasileiro;Restaurante brasileiro;Av. Bernardo Vieira de Melo, 4738 - Candeias, Jaboatão dos Guararapes - PE, 54440-620, Brasil;Aparecida de Goiânia;GO;+558134692995;;https://www.google.com/maps/search/?api=1&query=Betos%20Bar&query_place_id=ChIJHXIG7BDhqgcRzK1ITsVOARM;4.4;4830;
Lanchonete São Paulo;Lanchonete;Lanchonete;R. São Paulo, 319 - Maurício de Nassau, Caruaru - PE, 55012-000, Brasil;Aparecida de Goiânia;GO;+5581995369369;;https://www.google.com/maps/search/?api=1&query=Lanchonete%20S%C3%A3o%20Paulo&query_place_id=ChIJkXjXKMeLqQcRKdt_F9uVsG8;4.3;3;
Mano's Pizzas;Pizzaria;Pizzaria;R. Leandro Barreto, 601 - Jardim São Paulo, Recife - PE, 50790-000, Brasil;Aparecida de Goiânia;GO;+5581983004247;https://www.instagram.com/mano.pizzas/;https://www.google.com/maps/search/?api=1&query=Mano's%20Pizzas&query_place_id=ChIJd5S026AeqwcRzlX2FqtpXCM;4.5;480;https://www.instagram.com/mano.pizzas/
Padaria e Lanchonete Estilo São Paulo;Padaria;Padaria;R. Prof. Pedro Monteiro Campos, 23 - Euclides da Cunha, BA, 48500-000, Brasil;Aparecida de Goiânia;GO;+5575999047022;http://www.instagram.com/padariastilo/;https://www.google.com/maps/search/?api=1&query=Padaria%20e%20Lanchonete%20Estilo%20S%C3%A3o%20Paulo&query_place_id=ChIJ_wmbqe2MDQcRACV2D0pR3bI;4.3;224;http://www.instagram.com/padariastilo/
Academia Match Fit - Jardim São Paulo / Recife - PE;Academia;Academia;R. Leandro Barreto, 539 - Jardim São Paulo, Recife - PE, 50790-000, Brasil;Aparecida de Goiânia;GO;+5581997172741;https://match.fit/;https://www.google.com/maps/search/?api=1&query=Academia%20Match%20Fit%20-%20Jardim%20S%C3%A3o%20Paulo%20%2F%20Recife%20-%20PE&query_place_id=ChIJeVouND4fqwcRxM3aTG-QgLo;4.7;40;
Academia Espaço Fitness;Academia;Academia;Av. Piracicaba, 507 - Jardim São Paulo, Recife - PE, 50790-205, Brasil;Aparecida de Goiânia;GO;+5581984028378;https://www.espacofitnessrecife.com.br/;https://www.google.com/maps/search/?api=1&query=Academia%20Espa%C3%A7o%20Fitness&query_place_id=ChIJF4Too9AfqwcRjTn64ouRvMQ;4.9;90;
Academia X1 Fitness - Jardim São Paulo;Academia;Academia;Av. São Paulo, 527 - Jardim São Paulo, Recife - PE, 50781-600, Brasil;Aparecida de Goiânia;GO;+5581988321000;http://academiax1fitness.com.br/;https://www.google.com/maps/search/?api=1&query=Academia%20X1%20Fitness%20-%20Jardim%20S%C3%A3o%20Paulo&query_place_id=ChIJsRse5QkfqwcRaZ69_3VxfP4;4.3;68;
ÔmegaFit.Academia select;Academia;Academia;Rua Nossa Senhora de Fátima, 315 - Jardim São Paulo, Recife - PE, 50781-725, Brasil;Aparecida de Goiânia;GO;+558133146453;https://me.ahazou.com/moisesnegraopersonaldeelite-;https://www.google.com/maps/search/?api=1&query=%C3%94megaFit.Academia%20select&query_place_id=ChIJkenPh9YfqwcRBPWUg-ZKpWE;4.7;92;
Academia Studio A;Academia;Academia;Av. São Paulo, 88 - Jardim São Paulo, Recife - PE, 50781-600, Brasil;Aparecida de Goiânia;GO;+5581987626614;http://academiastudioa.vitrinevirtual.net/;https://www.google.com/maps/search/?api=1&query=Academia%20Studio%20A&query_place_id=ChIJj9lJ5rweqwcRSAkTfxNyaQs;4.7;31;
A2 Fitness;Academia;Academia;Rua 74, 239 - Maranguape I, Paulista - PE, 53441-030, Brasil;Aparecida de Goiânia;GO;+558130304462;https://instagram.com/academia_a2fitness?igshid=MzRlODBiNWFlZA==;https://www.google.com/maps/search/?api=1&query=A2%20Fitness&query_place_id=ChIJb-vhwh8WqwcRjZDK5JHk63Q;4.6;318;https://instagram.com/academia_a2fitness?igshid=mzrlodbinwflza==
Academia X1 Fitness - Liberdade;Academia;Academia;Av. Liberdade, 1042 - Curado, Recife - PE, 50940-790, Brasil;Aparecida de Goiânia;GO;+5581998984286;http://academiax1fitness.com.br/;https://www.google.com/maps/search/?api=1&query=Academia%20X1%20Fitness%20-%20Liberdade&query_place_id=ChIJw79uFBkcqwcRZ8EE1qTKrao;4.6;357;
Box Recife;Sala de fitness;Sala de fitness;Av. Liberdade, 244 - Sancho, Recife - PE, 50920-310, Brasil;Aparecida de Goiânia;GO;+5581988162131;https://www.instagram.com/boxrecife_ofc/;https://www.google.com/maps/search/?api=1&query=Box%20Recife&query_place_id=ChIJzygdPSAcqwcRITQHeRr6ETg;4.9;62;https://www.instagram.com/boxrecife_ofc/
FLEX Academia;Personal Trainer para mulheres;Personal Trainer para mulheres;R. Tucunaré, 55 - Areias, Recife - PE, 50771-510, Brasil;Aparecida de Goiânia;GO;+5581987348391;https://www.instagram.com/flexacademia_/;https://www.google.com/maps/search/?api=1&query=FLEX%20Academia&query_place_id=ChIJEaILHO4fqwcRifsQMXZcOU0;4.8;99;https://www.instagram.com/flexacademia_/
ACADEMIA VM HIIT PERFORMANCE;Sala de fitness;Sala de fitness;RUA EURICO VALOIS, ESTRADA NOVA, 410A - São Vicente de Paulo, Vitória de Santo Antão - PE, 55604-010, Brasil;Aparecida de Goiânia;GO;+5581997272239;https://app.nextfit.com.br/site/vmhiitperformance;https://www.google.com/maps/search/?api=1&query=ACADEMIA%20VM%20HIIT%20PERFORMANCE&query_place_id=ChIJYy_kRuFVqgcR2v-VZ0S_8Sw;4.8;42;
H2o;Academia;Academia;R. Mato Grosso, 716 - Siqueira Campos, Aracaju - SE, 49075-380, Brasil;Aparecida de Goiânia;GO;+5579998188018;;https://www.google.com/maps/search/?api=1&query=H2o&query_place_id=ChIJ9wzZxxqzGgcRhxj6vlxDMr4;4.6;411;
Arretado Crossfit;Academia;Academia;R. Dr. Gustavo Pinto, 90 - Jardim São Paulo, Recife - PE, 50781-740, Brasil;Aparecida de Goiânia;GO;+5581992246060;;https://www.google.com/maps/search/?api=1&query=Arretado%20Crossfit&query_place_id=ChIJKxmc-zkfqwcREGL8Cgp0v00;4.8;159;
Restaurante Forte da Rocheira;Restaurante;Restaurante;Praca Rocheira, 2 - Centro Histórico, Penedo - AL, 57200-000, Brasil;Aparecida de Goiânia;GO;+5582999160048;https://instagram.com/restaurantefortedarocheira?igshid=YmMyMTA2M2Y=;https://www.google.com/maps/search/?api=1&query=Restaurante%20Forte%20da%20Rocheira&query_place_id=ChIJD59_quxUBAcRTsma-evL_kQ;4.4;727;https://instagram.com/restaurantefortedarocheira?igshid=ymmymta2m2y=
Casa Acayu - Pousada & Bungalows;Restaurante;Restaurante;Sítio Praia, 254 - Povoado do Toque, São Miguel dos Milagres - AL, 57940-000, Brasil;Aparecida de Goiânia;GO;+558232951103;http://www.casaacayu.com.br/;https://www.google.com/maps/search/?api=1&query=Casa%20Acayu%20-%20Pousada%20%26%20Bungalows&query_place_id=ChIJYUFRSDz9AAcR-SfpXdrklKI;4.9;364;
Taberna Japonesa Quina do Futuro;Restaurante japonês;Restaurante japonês;R. Xavier Marques, 134 - Aflitos, Recife - PE, 52050-230, Brasil;Aparecida de Goiânia;GO;+558132422553;http://www.quinadofuturo.com.br/;https://www.google.com/maps/search/?api=1&query=Taberna%20Japonesa%20Quina%20do%20Futuro&query_place_id=ChIJXYiDMvkYqwcRmQDnOz1Js8s;4.7;1479;
Rodizius Steak House | Galetus Restaurante & Bar | Unidade Boa Viagem;Churrascaria;Churrascaria;Av. Conselheiro Aguiar, 4214 - Boa Viagem, Recife - PE, 51021-020, Brasil;Aparecida de Goiânia;GO;+558130155777;https://www.galetus.com.br/delivery/3104/menu;https://www.google.com/maps/search/?api=1&query=Rodizius%20Steak%20House%20%7C%20Galetus%20Restaurante%20%26%20Bar%20%7C%20Unidade%20Boa%20Viagem&query_place_id=ChIJ__-PMbEfqwcRCdzWyYAL5M0;4.3;8948;
Tapiarte Restaurante;Restaurante;Restaurante;R. Osman de Andrade Dorta, 05 - Palmeira, Porto de Pedras - AL, 57945-000, Brasil;Aparecida de Goiânia;GO;+5582981870419;https://tapiarte.com.br/;https://www.google.com/maps/search/?api=1&query=Tapiarte%20Restaurante&query_place_id=ChIJw1lr85D7AAcRxGdFsn1i4Ys;4.6;78;
Marcelo Restaurante e Pizzaria;Restaurante;Restaurante;R. Esperança, 117 - Porto de Galinhas, Ipojuca - PE, 55590-000, Brasil;Aparecida de Goiânia;GO;+5581991093101;https://api.whatsapp.com/send?phone=5581991093101&text=Ol%C3%A1,%20venho%20do%20Google%20e%20gostaria%20de%20realizar%20meu%20pedido;https://www.google.com/maps/search/?api=1&query=Marcelo%20Restaurante%20e%20Pizzaria&query_place_id=ChIJf9-HDCmSqgcRXsMijFrYTRM;4.4;1419;
Esfihas - Forneria Gourmet;Restaurante;Restaurante;R. Leandro Barreto, 355 - B38 - Jardim São Paulo, Recife - PE, 50790-000, Brasil;Aparecida de Goiânia;GO;+5581984960962;https://cardapiodigital.io/9875896a-8e70-4285-8535-b32edd10cc7a/catalog?coupon=ESFIHAS10;https://www.google.com/maps/search/?api=1&query=Esfihas%20-%20Forneria%20Gourmet&query_place_id=ChIJW7VAKsYfqwcRbOFoICUKw6E;5;1;
Outback Steakhouse;Restaurante;Restaurante;Rua Padre Carapuceiro, 777 Piso Padre Carapuceiro LUC PC 325 - Boa Viagem, Recife - PE, 51020-900, Brasil;Aparecida de Goiânia;GO;+558130403886;https://www.outback.com.br/;https://www.google.com/maps/search/?api=1&query=Outback%20Steakhouse&query_place_id=ChIJhxWgb60fqwcRfJci--uDaKk;4.6;7676;
Passira San Martin - Pizzaria & Restaurante;Pizzaria;Pizzaria;Av. Gen. San Martin, 1648b - San Martin, Recife - PE, 50761-000, Brasil;Aparecida de Goiânia;GO;+558131407400;https://loja.neemo.com.br/passira-sanmartin;https://www.google.com/maps/search/?api=1&query=Passira%20San%20Martin%20-%20Pizzaria%20%26%20Restaurante&query_place_id=ChIJjaPqb38ZqwcRLsPnF7MuaKA;4.3;1299;
TEXAS BURGER - Jardim São Paulo;Hamburgueria;Hamburgueria;R. da Capela, 331 - Jardim São Paulo, Recife - PE, 50790-075, Brasil;Aparecida de Goiânia;GO;+5581993828015;;https://www.google.com/maps/search/?api=1&query=TEXAS%20BURGER%20-%20Jardim%20S%C3%A3o%20Paulo&query_place_id=ChIJZeZZnMofqwcRnDAM1yICNeE;3;2;
Keiko Temakeria;Restaurante japonês;Restaurante japonês;Av. São Paulo, 338 - Jardim São Paulo, Recife - PE, 50781-600, Brasil;Aparecida de Goiânia;GO;+5581988644177;https://www.bigdim.com.br/delivery/keikotemakeria;https://www.google.com/maps/search/?api=1&query=Keiko%20Temakeria&query_place_id=ChIJd5NHWLseqwcRIf589RW-AQ8;4;328;
Mori;Restaurante japonês;Restaurante japonês;Final da Passarela do Caranguejo, Av. Santos Dumont - Atalaia, Aracaju - SE, 49037-470, Brasil;Aparecida de Goiânia;GO;+5579998070023;https://moridapraia.com.br/;https://www.google.com/maps/search/?api=1&query=Mori&query_place_id=ChIJY-y46diwGgcR-0JhE9Ch34A;4.5;980;
Deca Restaurante;Restaurante;Restaurante;Rodovia, PE-060, PE, Brasil;Aparecida de Goiânia;GO;+5581988714272;;https://www.google.com/maps/search/?api=1&query=Deca%20Restaurante&query_place_id=ChIJw3ahDQFjAAcRNC-35a3XHDk;4.5;336;
Restaurante Favoritu's;Restaurante;Restaurante;Rua da Praia, s/n, São Miguel dos Milagres - AL, 57940-000, Brasil;Aparecida de Goiânia;GO;+5582981849591;;https://www.google.com/maps/search/?api=1&query=Restaurante%20Favoritu's&query_place_id=ChIJdzFdsPf8AAcRph8KjaDCOlk;4.4;778;
Restaurante Le Rechaud;Restaurante;Restaurante;Av. João Davino, 324 - Mangabeiras, Maceió - AL, 57035-554, Brasil;Aparecida de Goiânia;GO;+5582996640838;;https://www.google.com/maps/search/?api=1&query=Restaurante%20Le%20Rechaud&query_place_id=ChIJz8MYfMhFAQcRk9O4WhMUbzE;4.4;83;
Barchef Boteco;Bar e Grill;Bar e Grill;Av. Conselheiro Aguiar, 2814 - Boa Viagem, Recife - PE, 51020-020, Brasil;Aparecida de Goiânia;GO;+5581992633791;;https://www.google.com/maps/search/?api=1&query=Barchef%20Boteco&query_place_id=ChIJ5UwS_JsfqwcR44viZZZzUPs;4.4;644;
Academia Iron Gym;Academia;Academia;R. Flórida, 1550 - São Miguel, Paulo Afonso - BA, 48601-200, Brasil;Aparecida de Goiânia;GO;+557532814230;;https://www.google.com/maps/search/?api=1&query=Academia%20Iron%20Gym&query_place_id=ChIJV1J5uVI3CQcRA1UWHXlY5CQ;4.6;216;
ACADEMIA BOX RECIFE CROSS & STRONG ROOM;Spa e academia de ginástica;Spa e academia de ginástica;Av. Liberdade, 244A - Jardim São Paulo, Recife - PE, 50920-310, Brasil;Aparecida de Goiânia;GO;+5581982302996;;https://www.google.com/maps/search/?api=1&query=ACADEMIA%20BOX%20RECIFE%20CROSS%20%26%20STRONG%20ROOM&query_place_id=ChIJhR8vLV8dqwcRPtMUt0fiI4o;5;1;
Form'acqua;Escola de natação;Escola de natação;R. Damasco, 24 - Jardim São Paulo, Recife - PE, 50781-690, Brasil;Aparecida de Goiânia;GO;+558134557990;http://www.formacqua.com.br/;https://www.google.com/maps/search/?api=1&query=Form'acqua&query_place_id=ChIJ0xZyfbseqwcRnSebnue7zOA;4.7;90;
Arena Fitness;Academia;Academia;R. Delmiro Gouvêia, 240 A - Tancredo Neves II, Paulo Afonso - BA, 48609-124, Brasil;Aparecida de Goiânia;GO;+5575991402783;;https://www.google.com/maps/search/?api=1&query=Arena%20Fitness&query_place_id=ChIJxdtSAj0xCQcRHRAdHI4pqNU;4.6;129;
Academia Good Forma;Sala de fitness;Sala de fitness;R. XV de Novembro - Centro Histórico de São Paulo, Bom Conselho - PE, 55330-000, Brasil;Aparecida de Goiânia;GO;+5587999003609;;https://www.google.com/maps/search/?api=1&query=Academia%20Good%20Forma&query_place_id=ChIJGROOVnhVBgcRMy5ruOQ44AA;3.5;2;
ACADEMIA I2 FITNESS;Academia;Academia;R. Delmiro Gouvêia, 1157A - Tancredo Neves II, Paulo Afonso - BA, 48609-238, Brasil;Aparecida de Goiânia;GO;+5575992355440;https://www.instagram.com/i2fitnessacademia?igsh=N3lraThxMnZqaG5x;https://www.google.com/maps/search/?api=1&query=ACADEMIA%20I2%20FITNESS&query_place_id=ChIJpwhYoygxCQcRoeKcpmbLo-U;5;76;https://www.instagram.com/i2fitnessacademia?igsh=n3lrathxmnzqag5x
Academia M2 Fitness;Academia;Academia;R. Mal. Rondon, 180 - Centro, Paulo Afonso - BA, 48602-510, Brasil;Aparecida de Goiânia;GO;+557532815985;https://www.facebook.com/Academia-M2-Fitness-667565926647299/;https://www.google.com/maps/search/?api=1&query=Academia%20M2%20Fitness&query_place_id=ChIJI7NyKq4wCQcR0Pk9Nqi_VSg;4.7;296;
Omega 3 Academia;Academia;Academia;R. Alferes Jorge, 231 - Indianópolis, Caruaru - PE, 55024-130, Brasil;Aparecida de Goiânia;GO;+558130453680;https://m.facebook.com/omega3academia/?locale2=pt_BR;https://www.google.com/maps/search/?api=1&query=Omega%203%20Academia&query_place_id=ChIJJRLxVLKLqQcRHack7FusLcQ;4.6;227;
Body Gym academia;Academia;Academia;Av. José Hemetério de Carvalho, 1019 - Centro, Paulo Afonso - BA, 48601-320, Brasil;Aparecida de Goiânia;GO;+557532827116;;https://www.google.com/maps/search/?api=1&query=Body%20Gym%20academia&query_place_id=ChIJa0CnVmsxCQcRbmjD-mhODqE;4.6;51;
Esport Vida Academia;Academia;Academia;Av. Dr. José Rufino, 307 - Estância, Recife - PE, 50771-600, Brasil;Aparecida de Goiânia;GO;+558131323814;http://www.esportvidaacademia.com.br/;https://www.google.com/maps/search/?api=1&query=Esport%20Vida%20Academia&query_place_id=ChIJ6S1QrsAeqwcRgWEbe4u0jxc;4.7;177;
Academia Avanteh - Saúde e Alta Performance;Sala de fitness;Sala de fitness;R. Barão de Souza Leão, 451 - TÉRREO - Boa Viagem, Recife - PE, 51030-300, Brasil;Aparecida de Goiânia;GO;+5581998097005;https://www.instagram.com/avantehacademia/;https://www.google.com/maps/search/?api=1&query=Academia%20Avanteh%20-%20Sa%C3%BAde%20e%20Alta%20Performance&query_place_id=ChIJ83ngisQfqwcR_9ddNEunEdE;4.8;49;https://www.instagram.com/avantehacademia/
Ks Fit Academia;Academia;Academia;R. Antônio Pereira de Lima, 246 - São Vicente de Paulo, Vitória de Santo Antão - PE, 55606-815, Brasil;Aparecida de Goiânia;GO;+5581991928153;;https://www.google.com/maps/search/?api=1&query=Ks%20Fit%20Academia&query_place_id=ChIJH4QWXyJTqgcRn5LoeMwGNBY;4.8;22;
Ciafit Family Club;Sala de fitness;Sala de fitness;R. Santo Elías, 67 - Espinheiro, Recife - PE, 52020-090, Brasil;Aparecida de Goiânia;GO;+558132285011;http://www.ciafit.com.br/;https://www.google.com/maps/search/?api=1&query=Ciafit%20Family%20Club&query_place_id=ChIJp_N8gvAYqwcRMHVBdnuFNJc;4.8;353;
Academia Plataforma;Academia;Academia;R. Abatia, 121 - Várzea, Recife - PE, 50740-320, Brasil;Aparecida de Goiânia;GO;+558132713534;;https://www.google.com/maps/search/?api=1&query=Academia%20Plataforma&query_place_id=ChIJo2y44WIZqwcRcLuZ81Tx0i0;4.6;543;
Academia Torre Fighters De Artes Marciais;Sala de fitness;Sala de fitness;R. Oitenta e Nove, 407 - Maranguape I, Paulista - PE, 53441-350, Brasil;Aparecida de Goiânia;GO;+5581986797937;https://instagram.com/torrefighters?utm_medium=copy_link;https://www.google.com/maps/search/?api=1&query=Academia%20Torre%20Fighters%20De%20Artes%20Marciais&query_place_id=ChIJS0ojVIs9qwcRm4RbkcVtpPA;4.8;70;https://instagram.com/torrefighters?utm_medium=copy_link
Academia Hidroforma;Academia;Academia;Bloco 30 - Av. Um - Vila Rica, Jaboatão dos Guararapes - PE, 54100-715, Brasil;Aparecida de Goiânia;GO;+558134813496;http://instagram.com/AcademiaHidroformaOficial;https://www.google.com/maps/search/?api=1&query=Academia%20Hidroforma&query_place_id=ChIJDxSCe0UdqwcRL0d423rYvHE;4.3;136;http://instagram.com/academiahidroformaoficial
Academia Fitness Belo Corpo;Academia;Academia;Rua - Estrada de Águas Compridas, 663 - Águas Compridas, Olinda - PE, 53160-800, Brasil;Aparecida de Goiânia;GO;+558134446310;;https://www.google.com/maps/search/?api=1&query=Academia%20Fitness%20Belo%20Corpo&query_place_id=ChIJw6u7ToUXqwcRY0T55suBVwc;4.6;264;
SpartanS Academia;Sala de fitness;Sala de fitness;R. Euríco Valois - São Vicente de Paulo, Vitória de Santo Antão - PE, 55602-001, Brasil;Aparecida de Goiânia;GO;+5581983247440;;https://www.google.com/maps/search/?api=1&query=SpartanS%20Academia&query_place_id=ChIJ_ZXvlVlTqgcR_pShNi-qzFU;4.7;135;
Academia X1 Fitness - UR6;Sala de fitness;Sala de fitness;R. Frei Gáspar da Me. de Deus, 436 - Zumbi do Pacheco, Jaboatão dos Guararapes - PE, 54230-181, Brasil;Aparecida de Goiânia;GO;+5581995954288;http://www.academiax1fitness.com.br/;https://www.google.com/maps/search/?api=1&query=Academia%20X1%20Fitness%20-%20UR6&query_place_id=ChIJx0xlHWQdqwcRCb4DKEliZHY;4.6;177;
Academia Casarão Fitness;Academia;Academia;R. Barão de Amaraji, 911 - Prazeres, Jaboatão dos Guararapes - PE, 54400-180, Brasil;Aparecida de Goiânia;GO;+558133424921;;https://www.google.com/maps/search/?api=1&query=Academia%20Casar%C3%A3o%20Fitness&query_place_id=ChIJD-AZ8sfhqgcRqnpLjpJlOls;4.8;29;
Academia Corpo e mente;Sala de fitness;Sala de fitness;R. Felíciano Castilho - Mangueira, Recife - PE, 50820-120, Brasil;Aparecida de Goiânia;GO;+558134287792;;https://www.google.com/maps/search/?api=1&query=Academia%20Corpo%20e%20mente&query_place_id=ChIJxxktJcweqwcRxNUAPtxZJLk;4.7;295;
Aviva Academia Mulher;Academia;Academia;Av. Alm. Paulo Moreira, 1056b - Garapu, Cabo de Santo Agostinho - PE, 54517-510, Brasil;Aparecida de Goiânia;GO;+5581971148607;;https://www.google.com/maps/search/?api=1&query=Aviva%20Academia%20Mulher&query_place_id=ChIJp42DnfDvqgcR2oi_hcOj2Yg;4.8;64;
Steak Grill Restaurante;Restaurante;Restaurante;Av. São Paulo, quadra 09 - lote 03 - Vila Brasilia, Aparecida de Goiânia - GO, 74905-770, Brasil;Aparecida de Goiânia;GO;+556235484465;https://instagram.com/steakgrillrestaurante?igshid=Yzg5MTU1MDY=;https://www.google.com/maps/search/?api=1&query=Steak%20Grill%20Restaurante&query_place_id=ChIJZzHz-prwXpMRF35Gg8KEwyA;4.3;404;https://instagram.com/steakgrillrestaurante?igshid=yzg5mtu1mdy=
petisco do chefe bar e restaurante;Restaurante;Restaurante;AV Santana qd 24 lt 05, Aparecida de Goiânia - GO, 74988-787, Brasil;Aparecida de Goiânia;GO;+556241034161;;https://www.google.com/maps/search/?api=1&query=petisco%20do%20chefe%20bar%20e%20restaurante&query_place_id=ChIJkUJnArv9XpMRCDjaDqggVoI;4.4;143;
Seu Pedro Costelaria;Restaurante;Restaurante;Zap (47, R. Padre Luzo, 9966 - 7330 - St. Serra Dourada - 3ª Etapa, Aparecida de Goiânia - GO, 74973-470, Brasil;Aparecida de Goiânia;GO;+5562993183783;;https://www.google.com/maps/search/?api=1&query=Seu%20Pedro%20Costelaria&query_place_id=ChIJR6huNL_7XpMRfxDIfRiVfRw;4.6;114;
CIA DO CHOPP;Cervejaria;Cervejaria;Av. Independência, 285 - Jardim Belo Horizonte, Aparecida de Goiânia - GO, 74973-120, Brasil;Aparecida de Goiânia;GO;+556232832665;;https://www.google.com/maps/search/?api=1&query=CIA%20DO%20CHOPP&query_place_id=ChIJ-RyE94b7XpMRKkUFtKIpPcM;3.3;95;
Pastelaria KI DELÍCIA;Restaurante;Restaurante;r 293, R. Abrão Lourenço de Carvalho, 241 - St. Central, Aparecida de Goiânia - GO, 74980-020, Brasil;Aparecida de Goiânia;GO;+556232832276;;https://www.google.com/maps/search/?api=1&query=Pastelaria%20KI%20DEL%C3%8DCIA&query_place_id=ChIJ7bCLOYD7XpMRYz0tMs-IFH0;4.4;223;
Gordão Restaurante e Assados;Restaurante;Restaurante;R. Orquídea, Qd 12 - Lt 01 - Jardim Rosa do Sul, Aparecida de Goiânia - GO, 74975-240, Brasil;Aparecida de Goiânia;GO;+5562992792519;https://gordao-restaurante-e-assados-comida-caseira-comida.negocio.site/?utm_source=gmb&utm_medium=referral;https://www.google.com/maps/search/?api=1&query=Gord%C3%A3o%20Restaurante%20e%20Assados&query_place_id=ChIJtSERB8f9XpMRjO7A3ft04TY;4.8;67;
Engenho Bar e Restaurante;Restaurante;Restaurante;Zap (47) 9966, R. Orange, 130 - 7330 - Res. Village Garavelo, Aparecida de Goiânia - GO, 74968-507, Brasil;Aparecida de Goiânia;GO;+5562982374689;;https://www.google.com/maps/search/?api=1&query=Engenho%20Bar%20e%20Restaurante&query_place_id=ChIJGQypaS37XpMRkXw0VRvubFk;4.4;187;
Aparecida Shopping;Shopping center;Shopping center;Av. Independência - Quadra Área - Lote 01 - S/N - Setor Serra Dourada 3ª Etapa, Aparecida de Goiânia - GO, 74973-340, Brasil;Aparecida de Goiânia;GO;+556235454600;http://www.aparecidashopping.com.br/;https://www.google.com/maps/search/?api=1&query=Aparecida%20Shopping&query_place_id=ChIJWbpz9ob7XpMRBAGE5TNcni8;4.5;20303;
Uai Pamonha Mineira;Lanchonete;Lanchonete;R. Dr. Adail Viana Santana, 1ª Etapa - St. Serra Dourada - 3ª Etapa, Aparecida de Goiânia - GO, 74973-230, Brasil;Aparecida de Goiânia;GO;+5562993072578;;https://www.google.com/maps/search/?api=1&query=Uai%20Pamonha%20Mineira&query_place_id=ChIJ0fG6o7n7XpMR3PDZpEGT6Fk;4.6;101;
Piccola Villa;Pizzaria;Pizzaria;R. Jangadeiros Alagoanos, 1564 - Pajuçara, Maceió - AL, 57030-000, Brasil;Aparecida de Goiânia;GO;+5582981774040;;https://www.google.com/maps/search/?api=1&query=Piccola%20Villa&query_place_id=ChIJy6OB86dFAQcRm_4sHmxZj_w;4.6;1131;
Restaurante Wanchako;Restaurante peruano;Restaurante peruano;Rua Prefeito Abdon Arroxelas, 147 - Ponta Verde, Maceió - AL, 57035-380, Brasil;Aparecida de Goiânia;GO;+5582988899634;https://www.wanchako.com.br/;https://www.google.com/maps/search/?api=1&query=Restaurante%20Wanchako&query_place_id=ChIJleZQhKJFAQcRCZwP9nwDDEM;4.5;1629;
Simplé açaí;Loja de açaí;Loja de açaí;R. Maj. Felício, 94 - Jardim São Paulo, Recife - PE, 50910-170, Brasil;Aparecida de Goiânia;GO;+5581998089699;;https://www.google.com/maps/search/?api=1&query=Simpl%C3%A9%20a%C3%A7a%C3%AD&query_place_id=ChIJCxf6DjIfqwcRzkDtn0dAD9I;5;1;
BEER ROCK PUB - Música ao vivo todo dia. Almoço, jantar, pizzas, burgers e chopp artesanal em Porto.;Restaurante;Restaurante;Galeria Calçadão - Porto de Galinhas, Ipojuca - PE, 55590-000, Brasil;Aparecida de Goiânia;GO;+5581987757554;https://www.beerrockcafe.com.br/;https://www.google.com/maps/search/?api=1&query=BEER%20ROCK%20PUB%20-%20M%C3%BAsica%20ao%20vivo%20todo%20dia.%20Almo%C3%A7o%2C%20jantar%2C%20pizzas%2C%20burgers%20e%20chopp%20artesanal%20em%20Porto.&query_place_id=ChIJRYIpUTmTqgcRIBgiRuCj_wY;4.7;1123;
Outback Steakhouse;Restaurante;Restaurante;Av. Comendador Gustavo Paiva, 5945 Espaço de uso comércial, 1053 - Cruz das Almas, Maceió - AL, 57038-000, Brasil;Aparecida de Goiânia;GO;+558230252555;https://www.outback.com.br/;https://www.google.com/maps/search/?api=1&query=Outback%20Steakhouse&query_place_id=ChIJbeAWiX9GAQcRnllVSR5ReGg;4.5;7981;
Pizzaria D'Paula Jardim São Paulo;Pizzaria;Pizzaria;Rua Senador Alberto Pasqualini, 250 - Loja 02 - Jardim São Paulo, Recife - PE, 50781-750, Brasil;Aparecida de Goiânia;GO;+5581981617478;;https://www.google.com/maps/search/?api=1&query=Pizzaria%20D'Paula%20Jardim%20S%C3%A3o%20Paulo&query_place_id=ChIJVxJOQroeqwcRNqNXp2nUAWo;4.5;8;
Restaurante Mamoeiro;Restaurante brasileiro;Restaurante brasileiro;Tv. José Augusto da Silva - Massagueira, Mal. Deodoro - AL, 57160-000, Brasil;Aparecida de Goiânia;GO;+558232607069;;https://www.google.com/maps/search/?api=1&query=Restaurante%20Mamoeiro&query_place_id=ChIJAQAAAMNTAQcRKHJKMShmkxk;4.4;292;
Restaurante da Parmegiana;Restaurante italiano;Restaurante italiano;Av. Wilson Benigno da Silva, 118 - Moacir Soares, Cupira - PE, 55460-000, Brasil;Aparecida de Goiânia;GO;+5581982045453;http://www.instagram.com/restaurantedaparmegiana;https://www.google.com/maps/search/?api=1&query=Restaurante%20da%20Parmegiana&query_place_id=ChIJ_5DlK8__qQcRlgTPZ9gEYfA;4.6;316;http://www.instagram.com/restaurantedaparmegiana
Fidelis restaurante;Restaurante;Restaurante;R. Maria Rezende Machado, 800 - Coroa do Meio, Aracaju - SE, 49035-128, Brasil;Aparecida de Goiânia;GO;+5579981122023;https://www.instagram.com/fidelis_restaurante?igsh=MTF0MDY1d3FiZXBvaw==;https://www.google.com/maps/search/?api=1&query=Fidelis%20restaurante&query_place_id=ChIJx9_22PaxGgcREegrXltqbnI;4.7;109;https://www.instagram.com/fidelis_restaurante?igsh=mtf0mdy1d3fizxbvaw==
Restaurante boteco Ferreira;Restaurante;Restaurante;R. Alagoas, 1021 - a - José Conrado de Araújo, Aracaju - SE, 49085-000, Brasil;Aparecida de Goiânia;GO;+557930858100;;https://www.google.com/maps/search/?api=1&query=Restaurante%20boteco%20Ferreira&query_place_id=ChIJZb1UFBuzGgcREij6aqm5oGo;4.6;1469;
Bar e restaurante Du porto;Restaurante;Restaurante;R. Praia da Costa, 3239 - Atalaia Nova, Barra dos Coqueiros - SE, 49141-460, Brasil;Aparecida de Goiânia;GO;+5579996273037;https://www.instagram.com/duportobarerestaurante/;https://www.google.com/maps/search/?api=1&query=Bar%20e%20restaurante%20Du%20porto&query_place_id=ChIJ7WH4wV60GgcRDYtEvhDbqtA;4.3;792;https://www.instagram.com/duportobarerestaurante/
Pizzaria Sao Paulo (Paripueira);Pizzaria;Pizzaria;R. Projetada Cbt Vinte e Três, 13 - centro, Paripueira - AL, 57935-000, Brasil;Aparecida de Goiânia;GO;+5582981185098;;https://www.google.com/maps/search/?api=1&query=Pizzaria%20Sao%20Paulo%20(Paripueira)&query_place_id=ChIJpevz-QwXAQcRlayepwgsy6o;4.6;140;
Ristorante Mamma Mia;Pizzaria;Pizzaria;R. das Piscinas Naturais, 200 - Porto de Galinhas, Ipojuca - PE, 55590-000, Brasil;Aparecida de Goiânia;GO;+558130798227;https://instagram.com/mammamiaporto;https://www.google.com/maps/search/?api=1&query=Ristorante%20Mamma%20Mia&query_place_id=ChIJe-VTWYeRqgcRezRE5milgVg;4.4;1020;https://instagram.com/mammamiaporto
Restaurante Bonaparte - Aeroporto Internacional do Recife;Restaurante fast-food;Restaurante fast-food;Aeroporto Internacional do Recife/Guararapes - Gilberto Freyre - Praça Min. Salgado Filho, s/n - Loja c2pb 01/03 - Imbiribeira, Recife - PE, 51210-001, Brasil;Aparecida de Goiânia;GO;+5581996356245;http://www.menudigital.app/bonaparte/;https://www.google.com/maps/search/?api=1&query=Restaurante%20Bonaparte%20-%20Aeroporto%20Internacional%20do%20Recife&query_place_id=ChIJG87Y-zkeqwcRHdpZZcKzOtw;3.7;327;
Akira Ramen;Restaurante especializado em ramen;Restaurante especializado em ramen;R. Cap. Rebelinho, 162 - Pina, Recife - PE, 51011-010, Brasil;Aparecida de Goiânia;GO;+558132040666;https://www.instagram.com/akira.ramen?igsh=eDFkNHA0dmV4czMx;https://www.google.com/maps/search/?api=1&query=Akira%20Ramen&query_place_id=ChIJ9XxStl8fqwcRvAhN8QVdqCw;4.2;309;https://www.instagram.com/akira.ramen?igsh=edfknha0dmv4czmx
Hi Academia Candeias;Academia;Academia;R. Bacharel José Mário de Oliveira, 3595 - Candeias, Jaboatão dos Guararapes - PE, 54420-090, Brasil;Aparecida de Goiânia;GO;+5581998010247;https://site.hiacademia.com.br/unidade-candeias/;https://www.google.com/maps/search/?api=1&query=Hi%20Academia%20Candeias&query_place_id=ChIJ20YtOazhqgcR6ZZqoXF0EBI;4.5;324;
Define Fitness Academia;Academia;Academia;R. Pedro Nunes, 81 - Areias, Recife - PE, 50860-090, Brasil;Aparecida de Goiânia;GO;+5581996377309;;https://www.google.com/maps/search/?api=1&query=Define%20Fitness%20Academia&query_place_id=ChIJSw4f8GYfqwcR2ZT1XLirdD0;4.7;106;
Motive Academia;Sala de fitness;Sala de fitness;Av. Dois Rios, 1238 - Ibura, Recife - PE, 51230-000, Brasil;Aparecida de Goiânia;GO;+5581998985815;https://www.instagram.com/motive.academia/;https://www.google.com/maps/search/?api=1&query=Motive%20Academia&query_place_id=ChIJjcEuxXofqwcRlUkCq9nSDH4;4.6;218;https://www.instagram.com/motive.academia/
Academia Elite Fitness;Academia;Academia;Rua Jack Ayres, 176 - Boa Viagem, Recife - PE, 51020-310, Brasil;Aparecida de Goiânia;GO;+558133287754;;https://www.google.com/maps/search/?api=1&query=Academia%20Elite%20Fitness&query_place_id=ChIJzYFZ4LEfqwcRBDlhP0FS2qU;4.5;156;
Top Training;Academia;Academia;R. José Veloso, 264 - San Martin, Recife - PE, 50761-250, Brasil;Aparecida de Goiânia;GO;+5581985232272;;https://www.google.com/maps/search/?api=1&query=Top%20Training&query_place_id=ChIJezPnETYZqwcR--o9tQpI8Fo;4.6;137;
Academia Tecnoforma;Sala de fitness;Sala de fitness;R. Santo Amaro, 175 - Centro, Jaboatão dos Guararapes - PE, 54080-320, Brasil;Aparecida de Goiânia;GO;+5581983347208;http://academiatecnoforma.com.br/;https://www.google.com/maps/search/?api=1&query=Academia%20Tecnoforma&query_place_id=ChIJ12ai_TwdqwcRX0ZgqRkHM48;4.5;465;
Academia Treino & Cia;Academia;Academia;R. José de Holanda, 547 - Torre, Recife - PE, 50710-140, Brasil;Aparecida de Goiânia;GO;+5581985021636;;https://www.google.com/maps/search/?api=1&query=Academia%20Treino%20%26%20Cia&query_place_id=ChIJ55iHzhwZqwcRFcXyl_ZE9Ck;4.6;90;
Luzia Academia de Ginástica;Personal trainer;Personal trainer;R. Pref. José Alberto de Lima, 125 - Jardim Santo Inacio, Cabo de Santo Agostinho - PE, 54515-503, Brasil;Aparecida de Goiânia;GO;+558135211262;https://www.google.com.br/url?sa=t&source=web&rct=j&url=https://m.facebook.com/LuziaAcademiaDeGinastica/%3Flocale2%3Dpt_BR&ved=0ahUKEwjboKz26frVAhVMRyYKHeaiB20QFgj_ATAb&usg=AFQjCNEluUQ2Jci3U2wzwIrX5hcuI9x45w;https://www.google.com/maps/search/?api=1&query=Luzia%20Academia%20de%20Gin%C3%A1stica&query_place_id=ChIJ83Oa4vfvqgcRrQ6L8V0hMKI;4.3;125;
Academia Hotação em Porto de Galinhas;Academia;Academia;Rod. Marcílio Fragoso de Medeiros, s/n - Recanto, Ipojuca - PE, 55590-000, Brasil;Aparecida de Goiânia;GO;+5581999470469;https://wa.me/5581999470469;https://www.google.com/maps/search/?api=1&query=Academia%20Hota%C3%A7%C3%A3o%20em%20Porto%20de%20Galinhas&query_place_id=ChIJxW39SiaSqgcRBfsLoKvx_PI;4.1;195;
SKYFIT Recife;Academia;Academia;Av. Mal. Mascarenhas de Morais, 2885 - Imbiribeira, Recife - PE, 51150-003, Brasil;Aparecida de Goiânia;GO;+5581987580778;https://skyfitacademia.com/unidade/recife-pe/;https://www.google.com/maps/search/?api=1&query=SKYFIT%20Recife&query_place_id=ChIJH1GIV3cfqwcR-Nq2MN_65BI;4.4;225;
Academia Personal Fit;Academia;Academia;Avenida Tancredo Neves, R. Maria das Graças de Aguiar Cunha, 3143 - Jabotiana, Aracaju - SE, 49040-490, Brasil;Aparecida de Goiânia;GO;+5579991538918;https://www.facebook.com/personalfitnessaracaju/;https://www.google.com/maps/search/?api=1&query=Academia%20Personal%20Fit&query_place_id=ChIJ3SaNzM2zGgcRBVDDQVjypvs;4.7;268;
Alpha Trainner;Sala de fitness;Sala de fitness;R. Antônio Napoleão Pachêco, 127 - São Miguel, Arcoverde - PE, 56509-440, Brasil;Aparecida de Goiânia;GO;+5587999092766;https://www.alphatrainner.com/;https://www.google.com/maps/search/?api=1&query=Alpha%20Trainner&query_place_id=ChIJAy5jy-wbqAcRGYCtMrOI6G4;4.9;30;
ACADEMIA | B&M FitClub - GRAGERU;Sala de fitness;Sala de fitness;R. Manoel Espírito Santo, 20 - Grageru, Aracaju - SE, 49025-440, Brasil;Aparecida de Goiânia;GO;+5579988106012;https://evo-totem.w12app.com.br/bmfitclub/1/page/landing-page;https://www.google.com/maps/search/?api=1&query=ACADEMIA%20%7C%20B%26M%20FitClub%20-%20GRAGERU&query_place_id=ChIJO9nBmZSzGgcRsh1NqC9Yf4E;4.7;203;
Personal Academia;Academia;Academia;R. João Fragoso de Medeiros, 385 - Candeias, Jaboatão dos Guararapes - PE, 54430-250, Brasil;Aparecida de Goiânia;GO;+558132036335;;https://www.google.com/maps/search/?api=1&query=Personal%20Academia&query_place_id=ChIJYwTMGhHhqgcRhZ7SgeKznbY;4.6;437;
4Live Academia;Sala de fitness;Sala de fitness;R. Urquiza Leal, 598 - Salgado Filho, Aracaju - SE, 49020-490, Brasil;Aparecida de Goiânia;GO;+5579999295483;;https://www.google.com/maps/search/?api=1&query=4Live%20Academia&query_place_id=ChIJbYksYBGzGgcRREXtr__CHCI;4.8;120;
Oxigym Summer;Academia;Academia;Rua Waldemar Nery Carneiro Monteiro, 676 - Boa Viagem, Recife - PE, 51030-640, Brasil;Aparecida de Goiânia;GO;+5581973477211;;https://www.google.com/maps/search/?api=1&query=Oxigym%20Summer&query_place_id=ChIJ30BLvS0eqwcR6i-YnZuo3ZY;4.7;165;
Match Fit Boa Viagem;Academia;Academia;R. Carlos Pereira Falcão, 464 - Boa Viagem, Recife - PE, 51021-350, Brasil;Aparecida de Goiânia;GO;+558131273394;https://match.fit/;https://www.google.com/maps/search/?api=1&query=Match%20Fit%20Boa%20Viagem&query_place_id=ChIJDcfH53QfqwcRpO-FfFQflq0;4.4;326;
Unit Academia;Academia;Academia;R. Gen. Polidoro, 347 - Várzea, Recife - PE, 50740-050, Brasil;Aparecida de Goiânia;GO;+5581996119323;https://instagram.com/unitacademia;https://www.google.com/maps/search/?api=1&query=Unit%20Academia&query_place_id=ChIJUeUXhnwZqwcRiPX6y61hF2Y;4.5;213;https://instagram.com/unitacademia
WORLD Training Academia;Academia de artes marciais;Academia de artes marciais;Av. Dr. Cláudio José Gueiros Leite, 5153 - Pau Amarelo, Paulista - PE, 53431-165, Brasil;Aparecida de Goiânia;GO;+5581987304247;;https://www.google.com/maps/search/?api=1&query=WORLD%20Training%20Academia&query_place_id=ChIJjWrJh14-qwcRUFFd0gZrBAU;4.9;26;
i9 clube da saúde | Unidade Janga;Academia;Academia;Av. Dr. Cláudio José Gueiros Leite, 1138 - Janga, Paulista - PE, 53439-000, Brasil;Aparecida de Goiânia;GO;+558133170851;http://www.i9clubedasaude.com/;https://www.google.com/maps/search/?api=1&query=i9%20clube%20da%20sa%C3%BAde%20%7C%20Unidade%20Janga&query_place_id=ChIJPfCpH8k9qwcRmeyNLqscXP4;4.6;291;
AjuFit Academia;Academia;Academia;R. Patrulheiro José Garcês de Andrade, 632 - Jabotiana, Aracaju - SE, 49095-300, Brasil;Aparecida de Goiânia;GO;+5579998356412;https://ajufit.com.br/;https://www.google.com/maps/search/?api=1&query=AjuFit%20Academia&query_place_id=ChIJ3dg5vc2zGgcRlm10YXUmgz0;4.7;138;
Fortius360;Sala de fitness;Sala de fitness;*Prédio da Uniclin - R. Joaquim Godoy, N° 388 - 2° andar - Nossa Sra. da Penha, Serra Talhada - PE, 56912-450, Brasil;Aparecida de Goiânia;GO;+5587996158491;https://www.studiofortius360.com/;https://www.google.com/maps/search/?api=1&query=Fortius360&query_place_id=ChIJxSYabj0XpwcR_UL700nM20A;5;61;
Movere Studio Funcional - Treinamento Funcional;Sala de fitness;Sala de fitness;R. Prof. Ageu Magalhães, 211 - Parnamirim, Recife - PE, 52060-260, Brasil;Aparecida de Goiânia;GO;+5581999945176;https://www.instagram.com/moverefuncional/;https://www.google.com/maps/search/?api=1&query=Movere%20Studio%20Funcional%20-%20Treinamento%20Funcional&query_place_id=ChIJQYLU-MwZqwcRp50YInE-Pm4;5;93;https://www.instagram.com/moverefuncional/
Life Academia;Academia;Academia;R. Fausto Joaquim Luciano, 25 - Sen. Teotônio Vilela, Arapiraca - AL, 57311-550, Brasil;Aparecida de Goiânia;GO;+5582999861352;https://www.instagram.com/p/CTmuoACNT9Q/?utm_medium=copy_link;https://www.google.com/maps/search/?api=1&query=Life%20Academia&query_place_id=ChIJjYSP1oTVBQcR0JPXlzrDf60;4.6;140;https://www.instagram.com/p/ctmuoacnt9q/?utm_medium=copy_link
PULSE FIT;Academia;Academia;Av. Jerônimo Heráclio, 791 - Ponto Certo, Limoeiro - PE, 55700-000, Brasil;Aparecida de Goiânia;GO;+5581996519903;https://instagram.com/pulsefit.academia?igshid=MjEwN2IyYWYwYw==;https://www.google.com/maps/search/?api=1&query=PULSE%20FIT&query_place_id=ChIJNb1Boei9qwcRpZVeMG4HH0E;4.3;35;https://instagram.com/pulsefit.academia?igshid=mjewn2iyywywyw==
MeFit Academia;Academia;Academia;R. Vinte e Um de Abril, 2952 - San Martin, Recife - PE, 50820-000, Brasil;Aparecida de Goiânia;GO;+5581998626591;;https://www.google.com/maps/search/?api=1&query=MeFit%20Academia&query_place_id=ChIJ1_X8gOMfqwcRAFLPXgnT2CE;4.5;19;
Academia Livre Esporte;Sala de fitness;Sala de fitness;R. Santo Aleixo, 295 - Santo Aleixo, Jaboatão dos Guararapes - PE, 54120-040, Brasil;Aparecida de Goiânia;GO;+5581985657656;;https://www.google.com/maps/search/?api=1&query=Academia%20Livre%20Esporte&query_place_id=ChIJaQr04CEdqwcREl8Ln-ghiiQ;4.7;123;
Selfit Academias;Academia;Academia;Av. Adriano Duque de Godoy Sousa, 001 - Lj 115/116 - Nossa Sra. da Penha, Serra Talhada - PE, 56903-525, Brasil;Aparecida de Goiânia;GO;+5587999957580;http://www.selfitacademias.com.br/;https://www.google.com/maps/search/?api=1&query=Selfit%20Academias&query_place_id=ChIJvywT1vEXpwcRX_iNb6c513U;4.7;98;
Paulo Bedeu;Academia;Academia;Av. Jorge Amado, 1589 - Jardins, Aracaju - SE, 49025-330, Brasil;Aparecida de Goiânia;GO;+557932177676;http://www.paulobedeu.com.br/;https://www.google.com/maps/search/?api=1&query=Paulo%20Bedeu&query_place_id=ChIJj-l135KzGgcRWtt1qbCVFPE;4.5;68;
Academia Cia Do Corpo - EXCLUSIVE - Ouro Preto;Academia;Academia;Av. Argentina Castelo Branco, º 175 - Ouro Preto, Olinda - PE, 53370-540, Brasil;Aparecida de Goiânia;GO;+5581989438592;http://www.academiaciadocorpo.com/;https://www.google.com/maps/search/?api=1&query=Academia%20Cia%20Do%20Corpo%20-%20EXCLUSIVE%20-%20Ouro%20Preto&query_place_id=ChIJXfpsCFQ9qwcRcvJcBxwgPsY;4.8;295;
Planet Club Academia - OLINDA;Academia;Academia;Avenida Transamazônica, 581 Jd Brasil II, Olinda - PE, 53300-240, Brasil;Aparecida de Goiânia;GO;+558130990307;https://planetclub.com.br/;https://www.google.com/maps/search/?api=1&query=Planet%20Club%20Academia%20-%20OLINDA&query_place_id=ChIJ19RAnAQYqwcRJ1E_God1flo;4.5;555;
Ana Fontes;Estúdio de pilates;Estúdio de pilates;R. Poe. João Freire Ribeiro - Jardins, Aracaju - SE, 49025-600, Brasil;Aparecida de Goiânia;GO;+557930413807;https://academiaanafontes.com.br/;https://www.google.com/maps/search/?api=1&query=Ana%20Fontes&query_place_id=ChIJ5310aZKzGgcR5FCICGkbWos;4.8;45;
Academia Paulo Franco;Academia de artes marciais;Academia de artes marciais;R. Macambe, 39 - Alto José do Pinho, Recife - PE, 52210-200, Brasil;Aparecida de Goiânia;GO;+5581997945780;;https://www.google.com/maps/search/?api=1&query=Academia%20Paulo%20Franco&query_place_id=ChIJG2AvwLMZqwcRtlpaw6ofxxo;5;72;
Paulo Bedeu;Academia;Academia;Av. Dulce Diniz - Luzia, Aracaju - SE, 49048-390, Brasil;Aparecida de Goiânia;GO;+5579999475626;https://paulobedeu.com.br/;https://www.google.com/maps/search/?api=1&query=Paulo%20Bedeu&query_place_id=ChIJ12wi1hezGgcRWDyCVLueeNU;4.5;148;
Restaurante Pizzaria Do Davi;Restaurante;Restaurante;R. Dr. José Maria, 268 - São Pedro, Bezerros - PE, 55660-000, Brasil;Aparecida de Goiânia;GO;+5581996157403;;https://www.google.com/maps/search/?api=1&query=Restaurante%20Pizzaria%20Do%20Davi&query_place_id=ChIJHVcNcTElqgcRWdYGt2ik4k8;4.1;350;
Restaurante Passira;Pizzaria;Pizzaria;Av. Antônio da Costa Azevedo, 107 - Peixinhos, Olinda - PE, 53220-130, Brasil;Aparecida de Goiânia;GO;+558134269105;;https://www.google.com/maps/search/?api=1&query=Restaurante%20Passira&query_place_id=ChIJu7RgDwMYqwcRcCk23kx7gSM;4.2;1073;
Restaurante e Pizzaria Due Fratelli;Pizzaria;Pizzaria;R. Luzia Florêncio Pôrto, 125 - Maurício de Nassau, Caruaru - PE, 55014-740, Brasil;Aparecida de Goiânia;GO;+558131378792;https://app.anota.ai/restaurante-e-pizzaria-due-fratelli?utm_source=config-copy-input;https://www.google.com/maps/search/?api=1&query=Restaurante%20e%20Pizzaria%20Due%20Fratelli&query_place_id=ChIJrZ7oldiLqQcRxP8Tyelp1R8;4.7;425;
Pepita lanches;Hamburgueria;Hamburgueria;R. Dr. Devaldo Borges, 152 - Jardim São Paulo, Recife - PE, 50910-250, Brasil;Aparecida de Goiânia;GO;+5581987658106;;https://www.google.com/maps/search/?api=1&query=Pepita%20lanches&query_place_id=ChIJsz22E_EfqwcRroKlEztcZxE;4.1;59;
Dom Burger;Hamburgueria;Hamburgueria;R. Carlos Alberto Valença, 26 - Jardim São Paulo, Recife - PE, 50910-420, Brasil;Aparecida de Goiânia;GO;+5581984376156;;https://www.google.com/maps/search/?api=1&query=Dom%20Burger&query_place_id=ChIJF9TtNhUfqwcRSbVxLE9cMdQ;3.9;48;
Americo Lanches;Sanduicheria;Sanduicheria;207, R. Claudino José de Lima, 171 - Jardim São Paulo, Recife - PE, 50920-280, Brasil;Aparecida de Goiânia;GO;+5581987844891;;https://www.google.com/maps/search/?api=1&query=Americo%20Lanches&query_place_id=ChIJ6VKjjR8cqwcR7G5uGVlaRZk;4.2;314;
SantOrégano Pizzas e Massas;Pizzaria;Pizzaria;AL-101, 56 - Riacho Doce, Maceió - AL, 57039-230, Brasil;Aparecida de Goiânia;GO;+558233551222;;https://www.google.com/maps/search/?api=1&query=SantOr%C3%A9gano%20Pizzas%20e%20Massas&query_place_id=ChIJuwrtEjFHAQcR9s9HP-Ple7M;4.6;3054;
Marinas Club Brejo Grande: Restaurante, Pousada e Marina;Restaurante;Restaurante;R. Dr. Getúlio Vargas, 305 - Centro, Brejo Grande - SE, 49995-000, Brasil;Aparecida de Goiânia;GO;+557933661000;;https://www.google.com/maps/search/?api=1&query=Marinas%20Club%20Brejo%20Grande%3A%20Restaurante%2C%20Pousada%20e%20Marina&query_place_id=ChIJm_R8aZH5BAcR8N-oGLh6ujY;4.4;576;
Empório Patacho;Espresso bar;Espresso bar;Alameda Graciliano Ramos, n° 209 - Porto de Pedras, AL, 57945-000, Brasil;Aparecida de Goiânia;GO;+5581996692974;;https://www.google.com/maps/search/?api=1&query=Emp%C3%B3rio%20Patacho&query_place_id=ChIJrduNzdj7AAcRJS8GaPLE6tk;4.3;111;
Dona Betinha Pizzas;Pizzaria;Pizzaria;R. Prof. Nelson Castro e Silva - Jardim São Paulo, Recife - PE, 50781-760, Brasil;Aparecida de Goiânia;GO;+5581997203831;http://www.donabetinhapizzas.com.br/;https://www.google.com/maps/search/?api=1&query=Dona%20Betinha%20Pizzas&query_place_id=ChIJb1t5hpAfqwcRlZxTSNnNlVk;3.7;13;
Forneto;Restaurante;Restaurante;Esquina da antiga Amélia Rosa - R. José Maia Gomes, 173 - Jatiúca, Maceió - AL, 57036-240, Brasil;Aparecida de Goiânia;GO;+558230271230;http://www.forneto.com.br/;https://www.google.com/maps/search/?api=1&query=Forneto&query_place_id=ChIJtfQWKfRFAQcR_Q-r0ydsCcg;4.7;1012;
Restaurante Sombra da Mangueira;Restaurante self-service;Restaurante self-service;Rua Senador Alberto Pasqualini, 86 - Estância, Recife - PE, 50780-020, Brasil;Aparecida de Goiânia;GO;+5581985874075;;https://www.google.com/maps/search/?api=1&query=Restaurante%20Sombra%20da%20Mangueira&query_place_id=ChIJ2X7mPyIZqwcRVvm8gJoRdvM;4.6;1358;
Restaurante Yang Cheng;Restaurante chinês;Restaurante chinês;Av. Dr. Antônio Gomes de Barros, 556 - Jatiúca, Maceió - AL, 57036-000, Brasil;Aparecida de Goiânia;GO;+558232354512;;https://www.google.com/maps/search/?api=1&query=Restaurante%20Yang%20Cheng&query_place_id=ChIJ7ThK6bBFAQcRnSATAA6q-Qk;4.5;352;
Dogão da Van;Lanchonete;Lanchonete;Av. São Paulo, 556 - Jardim São Paulo, Recife - PE, 50781-600, Brasil;Aparecida de Goiânia;GO;+5581976127178;;https://www.google.com/maps/search/?api=1&query=Dog%C3%A3o%20da%20Van&query_place_id=ChIJSQEeH2AfqwcR5OQmqY6QIYQ;4;6;
Churrascaria e Pizzaria Dom Pedro I;Churrascaria;Churrascaria;R. Alagoas, s/n - José Conrado de Araújo, Aracaju - SE, 49085-000, Brasil;Aparecida de Goiânia;GO;+557932537000;;https://www.google.com/maps/search/?api=1&query=Churrascaria%20e%20Pizzaria%20Dom%20Pedro%20I&query_place_id=ChIJ8UpTV_uyGgcRSDakn9XkzsU;4.4;3952;
Restaurante e Pizzaria Koncha Praia;Pizzaria;Pizzaria;Whatsapp & CEL: (82)988388655365 - R. Patrícia Oliveira Lins, 333, Barra de Santo Antônio - AL, 57925-000, Brasil;Aparecida de Goiânia;GO;+5582994222486;;https://www.google.com/maps/search/?api=1&query=Restaurante%20e%20Pizzaria%20Koncha%20Praia&query_place_id=ChIJFWKwX5QZAQcR2vTIlGs_Ftk;4.1;202;
Rimini Pizzaria e Restaurante Praia do Francês;Pizzaria;Pizzaria;R. Carapeba, 27 - Praia do Francês, Mal. Deodoro - AL, 57160-000, Brasil;Aparecida de Goiânia;GO;+5582993292234;https://contate.me/ramini;https://www.google.com/maps/search/?api=1&query=Rimini%20Pizzaria%20e%20Restaurante%20Praia%20do%20Franc%C3%AAs&query_place_id=ChIJNZbCKhBUAQcR122r3C4hPXI;4.3;1100;
Habib's Shopping Tacaruna;Restaurante fast-food;Restaurante fast-food;Av. Gov. Agamenon Magalhães, 153 - Santo Amaro, Recife - PE, 50110-900, Brasil;Aparecida de Goiânia;GO;+551156966000;http://www.habibs.com.br/;https://www.google.com/maps/search/?api=1&query=Habib's%20Shopping%20Tacaruna&query_place_id=ChIJKxqbFX0YqwcRr99_wr-01MA;4.2;565;
Soul Fit;Academia;Academia;Av. Pres. Tancredo Neves, 3471 - Jabotiana, Aracaju - SE, 49095-190, Brasil;Aparecida de Goiânia;GO;+5579998899014;https://www.academiasoulfit.com.br/;https://www.google.com/maps/search/?api=1&query=Soul%20Fit&query_place_id=ChIJc7e-bM2zGgcRqx3akHCaOus;4.5;246;
Academia X1 Fitness - Nova Descoberta;Sala de fitness;Sala de fitness;Av. Ver. Otacílio Azevedo, 2342 - Vasco da Gama, Recife - PE, 52081-550, Brasil;Aparecida de Goiânia;GO;+5581981224286;http://www.academiax1fitness.com.br/;https://www.google.com/maps/search/?api=1&query=Academia%20X1%20Fitness%20-%20Nova%20Descoberta&query_place_id=ChIJb737sAAZqwcRATSfxqLydCc;4.4;233;
TecnoForma Coqueiral;Academia;Academia;R. Alcântara, 198 - Coqueiral, Recife - PE, 50791-560, Brasil;Aparecida de Goiânia;GO;+5581971185792;http://academiatecnoforma.com.br/;https://www.google.com/maps/search/?api=1&query=TecnoForma%20Coqueiral&query_place_id=ChIJbR-W4LAdqwcRg6-cSKnRFRI;4.6;324;
STARTFIT Academia;Academia;Academia;Av. das Garças, 10 - Rio Doce, Olinda - PE, 53080-800, Brasil;Aparecida de Goiânia;GO;+5581986628163;https://www.instagram.com/startfitacademiaoficial_?igsh=MTU4ZGJyaTl3eTVrZQ==;https://www.google.com/maps/search/?api=1&query=STARTFIT%20Academia&query_place_id=ChIJa_At4y49qwcRqpMNcsGNn8c;4.6;31;https://www.instagram.com/startfitacademiaoficial_?igsh=mtu4zgjyatl3etvrzq==
Alfa;Academia;Academia;Av. João Rodrigues, 42 - Piso L2 / 2070 A - Industrial, Aracaju - SE, 49065-450, Brasil;Aparecida de Goiânia;GO;+557932461287;https://www.redealphafitness.com.br/unidades/aracaju-parque-shopping/index.html;https://www.google.com/maps/search/?api=1&query=Alfa&query_place_id=ChIJ11tZpY-zGgcRd1jJGgbK-Pw;4.4;390;
Academia Fisico 10;Sala de fitness;Sala de fitness;R. Walfrido Rocha, 169 - Jatiúca, Maceió - AL, 57036-800, Brasil;Aparecida de Goiânia;GO;+558232352626;;https://www.google.com/maps/search/?api=1&query=Academia%20Fisico%2010&query_place_id=ChIJo9wuorlFAQcR-JrQRkjavws;4.6;54;
BlackBulls Box;Sala de fitness;Sala de fitness;Av. Apolônio Sáles, 1318 - Centro, Paulo Afonso - BA, 48601-208, Brasil;Aparecida de Goiânia;GO;+5575999696923;https://www.instagram.com/blackbulls.box/;https://www.google.com/maps/search/?api=1&query=BlackBulls%20Box&query_place_id=ChIJ3XP-G00xCQcRiAlg0LuZ2m8;5;21;https://www.instagram.com/blackbulls.box/
DN Maromba Fitness;Sala de fitness;Sala de fitness;Av. Santa Teresinha, 780 - Brasília, Garanhuns - PE, 55294-284, Brasil;Aparecida de Goiânia;GO;+5587999916093;;https://www.google.com/maps/search/?api=1&query=DN%20Maromba%20Fitness&query_place_id=ChIJT7G6kYoNBwcRV3Ql5xfcRxM;4.9;27;
ACADEMIA EXTREME FIT - PRAIA;Academia;Academia;Rod. José de Campos, 358 - Moisés Gomes, Barra dos Coqueiros - SE, 49140-000, Brasil;Aparecida de Goiânia;GO;+5579999428149;;https://www.google.com/maps/search/?api=1&query=ACADEMIA%20EXTREME%20FIT%20-%20PRAIA&query_place_id=ChIJGcRrEpG0GgcRWOSlrY-pH5M;4.7;81;
Academia Paulo Bedeu;Academia;Academia;R. Jordão de Oliveira, 1055 - Atalaia, Aracaju - SE, 49037-330, Brasil;Aparecida de Goiânia;GO;+557930853994;http://www.paulobedeu.com.br/;https://www.google.com/maps/search/?api=1&query=Academia%20Paulo%20Bedeu&query_place_id=ChIJmbSYgSaxGgcRNnu8JJv1eaM;4.4;121;
Churrascaria do Bigode;Churrascaria;Churrascaria;Av. Eng. Paulo Brandão Nogueira, N° 61 - Jatiúca, Maceió - AL, 57036-550, Brasil;Aparecida de Goiânia;GO;+558232317553;https://linktr.ee/Churrascariadobigode;https://www.google.com/maps/search/?api=1&query=Churrascaria%20do%20Bigode&query_place_id=ChIJ____97ZFAQcRzy4Hf06j2E4;4.5;1972;
Tasty Hot Dog;Cachorro-quente;Cachorro-quente;Av. São Paulo, 475-485 - Jardim São Paulo, Recife - PE, 50781-600, Brasil;Aparecida de Goiânia;GO;+5581987402839;;https://www.google.com/maps/search/?api=1&query=Tasty%20Hot%20Dog&query_place_id=ChIJpzLWyqQeqwcRUEIXmbkDJFI;4.2;13;
Jota Lanches;Lanchonete;Lanchonete;R. Dr. Devaldo Borges - Jardim São Paulo, Recife - PE, 50910-200, Brasil;Aparecida de Goiânia;GO;+5581986266282;;https://www.google.com/maps/search/?api=1&query=Jota%20Lanches&query_place_id=ChIJQzihOaUeqwcRGihWl-M9MLM;4.2;216;
Armazém Guimarães;Restaurante italiano;Restaurante italiano;Av. Dr. Antônio Gomes de Barros, 188 - Jatiúca, Maceió - AL, 57036-000, Brasil;Aparecida de Goiânia;GO;+558233254545;https://armazemguimaraes.com.br/;https://www.google.com/maps/search/?api=1&query=Armaz%C3%A9m%20Guimar%C3%A3es&query_place_id=ChIJKw2VibxFAQcRVuumm3kilv4;4.6;4499;
General Bacon;Hamburgueria;Hamburgueria;Porto de Vacas, Barra de São Miguel - AL, 57180-000, Brasil;Aparecida de Goiânia;GO;+5533278844;;https://www.google.com/maps/search/?api=1&query=General%20Bacon&query_place_id=ChIJZcPlftz_AwcRMdaJIaEPAMI;4.1;264;
Explosão Burguer - Jardim São Paulo;Hamburgueria;Hamburgueria;Praça do, 275 - Jardim São Paulo, Recife - PE, 50781-690, Brasil;Aparecida de Goiânia;GO;+5581986385694;http://linktr.ee/explosao_burguer;https://www.google.com/maps/search/?api=1&query=Explos%C3%A3o%20Burguer%20-%20Jardim%20S%C3%A3o%20Paulo&query_place_id=ChIJNSMZ21gfqwcRdoEXiOUol-s;3.4;14;
Restaurante Wadamon;Restaurante japonês;Restaurante japonês;R. Barão de Casa Forte, 57 - Casa Forte, Recife - PE, 52061-460, Brasil;Aparecida de Goiânia;GO;+5581979168277;https://instagram.com/restaurantewadamon;https://www.google.com/maps/search/?api=1&query=Restaurante%20Wadamon&query_place_id=ChIJ2Xh22AgZqwcRqyzwAHjwP4A;4.8;195;https://instagram.com/restaurantewadamon
Restaurante Dom Vergilio;Restaurante por quilo;Restaurante por quilo;103 Norte, Av. Juscelino Kubitscheck, Conj. 1, Lote 21 - Plano Diretor Norte, Palmas - TO, 77001-014, Brasil;Aparecida de Goiânia;GO;+556332121400;https://domvergilio.com.br/;https://www.google.com/maps/search/?api=1&query=Restaurante%20Dom%20Vergilio&query_place_id=ChIJx1vp3nbLJJMRQI3tSdj-F5Y;4.6;4693;
AllBlack - Burger & Beer;Hamburgueria;Hamburgueria;Q. 104 Sul Rua SE 3, LO-03, nº 71 - B - Centro, Palmas - TO, 77020-028, Brasil;Aparecida de Goiânia;GO;+5563992540128;https://www.instagram.com/allblack.burger?igsh=YzljYTk1ODg3Zg==;https://www.google.com/maps/search/?api=1&query=AllBlack%20-%20Burger%20%26%20Beer&query_place_id=ChIJda50JlXLJJMR2M_IOzvcZFY;4.9;1945;https://www.instagram.com/allblack.burger?igsh=yzljytk1odg3zg==
Vorlino - Restaurante & Pizzaria;Restaurante;Restaurante;Av. JK, 105 Norte Av. Juscelino Kubitscheck, 151 - Plano Diretor Norte - centro, Palmas - TO, 77001-058, Brasil;Aparecida de Goiânia;GO;+556335714020;https://www.instagram.com/vorlino?igsh=YzljYTk1ODg3Zg==;https://www.google.com/maps/search/?api=1&query=Vorlino%20-%20Restaurante%20%26%20Pizzaria&query_place_id=ChIJxWC0u27LJJMRbHjmDAIOyFc;4.5;1056;https://www.instagram.com/vorlino?igsh=yzljytk1odg3zg==
Adega Santiago Asador;Restaurante espanhol;Restaurante espanhol;Rua Haddock Lobo, 1626 - Cerqueira César, São Paulo - SP, 01414-002, Brasil;Aparecida de Goiânia;GO;+551131988258;http://www.adegasantiago.com.br/;https://www.google.com/maps/search/?api=1&query=Adega%20Santiago%20Asador&query_place_id=ChIJlcNqOyhZzpQR32IFKk6-EKk;4.7;320;
Churrascaria Frango na Brasa;Restaurante de frango;Restaurante de frango;Quadra 604 Sul, Avenida LO-15 - Plano Diretor Sul, Palmas - TO, 77022-018, Brasil;Aparecida de Goiânia;GO;+556332144929;;https://www.google.com/maps/search/?api=1&query=Churrascaria%20Frango%20na%20Brasa&query_place_id=ChIJR5Lyl5s0O5MRUNkIX36-UHA;3.9;1186;
Tapiocas da Tia Dê;Lanchonete;Lanchonete;Quadra 103 Norte, Av. Juscelino Kubitscheck - Plano Diretor Norte, Palmas - TO, 77001-014, Brasil;Aparecida de Goiânia;GO;+5563992400770;https://tapiocasdatiade.com.br/;https://www.google.com/maps/search/?api=1&query=Tapiocas%20da%20Tia%20D%C3%AA&query_place_id=ChIJT3jl-j_LJJMR8lq6hHdlW6M;4.3;431;
Coco Bambu;Restaurante de frutos do mar;Restaurante de frutos do mar;R. Azevedo Soares, 2150 - Jardim Analia Franco, São Paulo - SP, 03322-002, Brasil;Aparecida de Goiânia;GO;+551143046221;http://cocobambu.com/;https://www.google.com/maps/search/?api=1&query=Coco%20Bambu&query_place_id=ChIJ51vwtYlezpQRfNL4xHbWdAU;4.7;36723;
A Casa do Porco Bar;Restaurante;Restaurante;R. Araújo, 124 - República, São Paulo - SP, 01220-020, Brasil;Aparecida de Goiânia;GO;+551132582578;https://reservation-widget.tagme.com.br/smartlink/616efc96ffe80e0011e599d8;https://www.google.com/maps/search/?api=1&query=A%20Casa%20do%20Porco%20Bar&query_place_id=ChIJK76a5E5YzpQRCoY7nm1M3-k;4.4;14880;
Restaurante do Amadeu;Restaurante;Restaurante;Av. Sebastião Sáles Monteiro, 324, Lajeado - TO, 77645-000, Brasil;Aparecida de Goiânia;GO;+5563984737555;;https://www.google.com/maps/search/?api=1&query=Restaurante%20do%20Amadeu&query_place_id=ChIJpRTxj1jyJJMRZgrMHmzhVLE;4.2;68;
Oásis Pizzaria;Pizzaria;Pizzaria;Q. 103 Sul Rua SO 5, 03 - Lote 19 - Centro, Palmas - TO, 77015-016, Brasil;Aparecida de Goiânia;GO;+5563984544913;https://www.facebook.com/pizzariaoasispalmas/;https://www.google.com/maps/search/?api=1&query=O%C3%A1sis%20Pizzaria&query_place_id=ChIJxbPpnD_LJJMRKGiiBn2j1ic;4.3;1863;
Restaurante Da Bete;Restaurante;Restaurante;Rua São Paulo - Vale do Brejo, Riacho Frio - PI, 64975-000, Brasil;Aparecida de Goiânia;GO;+5589981024657;http://wa.me/5589981024657;https://www.google.com/maps/search/?api=1&query=Restaurante%20Da%20Bete&query_place_id=ChIJFyFC2c-DYgcRbpUinMnx8ss;4.7;7;
Restaurante Capim Santo São Paulo;Restaurante brasileiro;Restaurante brasileiro;Av. Brig. Faria Lima, 2705 - Jardim Paulistano, São Paulo - SP, 01451-000, Brasil;Aparecida de Goiânia;GO;+551130322277;https://www.restaurantecapimsanto.com.br/;https://www.google.com/maps/search/?api=1&query=Restaurante%20Capim%20Santo%20S%C3%A3o%20Paulo&query_place_id=ChIJe3cY4M1ZzpQRAsQpeMVzkXk;4.5;4405;
Bar da Dona Onça;Bar e Grill;Bar e Grill;Av. Ipiranga, 200 - 27 e 29 - Centro Histórico de São Paulo, São Paulo - SP, 01046-925, Brasil;Aparecida de Goiânia;GO;+551132572016;http://www.bardadonaonca.com.br/;https://www.google.com/maps/search/?api=1&query=Bar%20da%20Dona%20On%C3%A7a&query_place_id=ChIJEyOtjU5YzpQRJi-Cf-QbjYU;4.4;8958;
Parrillada Fuego Celeste - Unidade Moema;Restaurante uruguaio;Restaurante uruguaio;Av. Jacutinga, 365 - Indianópolis, São Paulo - SP, 04515-030, Brasil;Aparecida de Goiânia;GO;+551150517575;https://www.instagram.com/fuegocelesteoficial/?hl=pt-br;https://www.google.com/maps/search/?api=1&query=Parrillada%20Fuego%20Celeste%20-%20Unidade%20Moema&query_place_id=ChIJrUD15R5bzpQR8_hwSxB5aCM;4.8;2314;https://www.instagram.com/fuegocelesteoficial/?hl=pt-br
A Figueira Rubaiyat;Restaurante especializado em carnes;Restaurante especializado em carnes;Rua Haddock Lobo, 1738 - Jardins, São Paulo - SP, 01414-002, Brasil;Aparecida de Goiânia;GO;+551130871399;http://www.gruporubaiyat.com/;https://www.google.com/maps/search/?api=1&query=A%20Figueira%20Rubaiyat&query_place_id=ChIJ23tjlzNYzpQRtXWnJsu2Fcw;4.6;10527;
Osteria Zucco: Massas Frescas, Risotos, Carnes, Peixes, Sobremesas Moema SP;Restaurante italiano;Restaurante italiano;R. Graúna, 65 B - Moema, São Paulo - SP, 04514-000, Brasil;Aparecida de Goiânia;GO;+551138970666;https://osteria.zucco.com.br/;https://www.google.com/maps/search/?api=1&query=Osteria%20Zucco%3A%20Massas%20Frescas%2C%20Risotos%2C%20Carnes%2C%20Peixes%2C%20Sobremesas%20Moema%20SP&query_place_id=ChIJZ0puj7FXzpQRgdGobR7mWWA;4.9;1562;
Djapa;Restaurante japonês;Restaurante japonês;R. Gaivota, 168 - Moema, São Paulo - SP, 04522-030, Brasil;Aparecida de Goiânia;GO;+551126912003;https://www.djapa.com.br/;https://www.google.com/maps/search/?api=1&query=Djapa&query_place_id=ChIJmaIvAgNazpQR0z0yYoVBpaY;4.6;11203;
Restaurante Banzeiro São Paulo;Restaurante brasileiro;Restaurante brasileiro;Rua Tabapuã, 830 - Itaim Bibi, São Paulo - SP, 04533-003, Brasil;Aparecida de Goiânia;GO;+551125014777;https://grupobanzeiro.com.br/banzeiro-sao-paulo/;https://www.google.com/maps/search/?api=1&query=Restaurante%20Banzeiro%20S%C3%A3o%20Paulo&query_place_id=ChIJSReWN-BXzpQRnczEqxxpsFY;4.7;2166;
Cabana do Lago Restaurante;Restaurante familiar;Restaurante familiar;Q. 103 Sul Rua SO 11, 09 - Lote 03/05 - Centro, Palmas - TO, 77015-032, Brasil;Aparecida de Goiânia;GO;+556332154989;https://cabanadolago.com.br/;https://www.google.com/maps/search/?api=1&query=Cabana%20do%20Lago%20Restaurante&query_place_id=ChIJV7WH_UzLJJMRIHEbB_d9bII;4.5;2584;
Churrascaria Portal do Sul;Restaurante de carne;Restaurante de carne;102 Norte, Av. Joaquim Teotônio Segurado, Conj. 1, Lote 4 - Plano Diretor Norte, Palmas - TO, 77006-002, Brasil;Aparecida de Goiânia;GO;+556332258744;https://www.instagram.com/churrascariaportaldosul?igsh=YzljYTk1ODg3Zg==;https://www.google.com/maps/search/?api=1&query=Churrascaria%20Portal%20do%20Sul&query_place_id=ChIJVe8Btm7LJJMRTmnaeQFoowA;4.6;2894;https://www.instagram.com/churrascariaportaldosul?igsh=yzljytk1odg3zg==
Pede Picanha Boutique de Carnes;Açougue;Açougue;Arso 22 - Av. LO 5, 30 - QUADRA 205 SUL - Plano Diretor Sul, Palmas - TO, 77015-260, Brasil;Aparecida de Goiânia;GO;+5563992099644;https://www.instagram.com/pedepicanha/;https://www.google.com/maps/search/?api=1&query=Pede%20Picanha%20Boutique%20de%20Carnes&query_place_id=ChIJS6bWft7LJJMRSbnx5V7iKgo;4.8;127;https://www.instagram.com/pedepicanha/
Mr.Bull;Restaurante;Restaurante;206 Sul LO 05, nº 24 - Plano Diretor Sul, Palmas - TO, 77020-504, Brasil;Aparecida de Goiânia;GO;+5563999517001;http://www.mrbull.com.br/;https://www.google.com/maps/search/?api=1&query=Mr.Bull&query_place_id=ChIJP574hLLLJJMRP8uLCyHiMd8;4.6;912;
Império do Camarão | Palmas;Restaurante;Restaurante;Av Jus Kubitschek, 48 - Arse, Palmas - TO, 77020-124, Brasil;Aparecida de Goiânia;GO;+556330285108;https://www.instagram.com/imperiodocamaraopalmas?igsh=YzljYTk1ODg3Zg==;https://www.google.com/maps/search/?api=1&query=Imp%C3%A9rio%20do%20Camar%C3%A3o%20%7C%20Palmas&query_place_id=ChIJHyy0hEDNJJMRFuMDOEj5O0Q;4.4;615;https://www.instagram.com/imperiodocamaraopalmas?igsh=yzljytk1odg3zg==
Fervedouro do Alecrim e Restaurante;Restaurante;Restaurante;Fazenda Barra do Alecrim, 00 - Zona Rural, São Félix do Tocantins - TO, 77605-000, Brasil;Aparecida de Goiânia;GO;+5563991109015;;https://www.google.com/maps/search/?api=1&query=Fervedouro%20do%20Alecrim%20e%20Restaurante&query_place_id=ChIJv_WCB7jHMZMRB2Qn_P4JGdA;4.8;265;
Churrascaria Sabor Nordestino;Restaurante;Restaurante;BR-324 - Santa Luzia, São Raimundo Nonato - PI, 64770-000, Brasil;Aparecida de Goiânia;GO;+5589981366348;;https://www.google.com/maps/search/?api=1&query=Churrascaria%20Sabor%20Nordestino&query_place_id=ChIJb1vDrK4FegcRYXsykDkbcns;4.4;104;
Restaurante da Raimunda;Restaurante;Restaurante;R. Antônio Castro Marquês, 279 - Gaviao, São Raimundo Nonato - PI, 64770-000, Brasil;Aparecida de Goiânia;GO;+5589981277603;https://api.whatsapp.com/send?phone=5589981415244&text=Ol%C3%A1+Samara%21;https://www.google.com/maps/search/?api=1&query=Restaurante%20da%20Raimunda&query_place_id=ChIJEzJj03kFegcR_PEtfrbku0E;4.4;56;
Pasta Way | Palmas;Restaurante;Restaurante;Quadra 204 sul alameda 15 curió lote 07 arse 21 - Plano Diretor Sul, Palmas - TO, 77020-472, Brasil;Aparecida de Goiânia;GO;+5563991032992;https://pastaway.com.br/unidade/unidade-palmas-em-breve/;https://www.google.com/maps/search/?api=1&query=Pasta%20Way%20%7C%20Palmas&query_place_id=ChIJPUbbfdbLJJMRfbuyCTCshaI;4.4;37;
Chambas Gourmet;Restaurante;Restaurante;507 Sul Alameda 02 Qi 05, Lt 12 - Plano Diretor Sul, Palmas - TO, 77016-146, Brasil;Aparecida de Goiânia;GO;+5563999195235;http://www.instagram.com/chambasgourmet;https://www.google.com/maps/search/?api=1&query=Chambas%20Gourmet&query_place_id=ChIJLxlvTZM1O5MRMPD06oces74;4.6;27;http://www.instagram.com/chambasgourmet
Cafeteria Pedra Negra 1;Cafeteria;Cafeteria;Avenida São Paulo, Q 257, setor central - Gurupi TO 1710 - St. Central, Gurupi - TO, 77403-040, Brasil;Aparecida de Goiânia;GO;+5563992542447;https://linktr.ee/pedranegracafeteria;https://www.google.com/maps/search/?api=1&query=Cafeteria%20Pedra%20Negra%201&query_place_id=ChIJ2yXyOqKVPpMR3umISqRLgFw;4.8;90;
Espetaria do Gaúcho;Churrascaria;Churrascaria;NS 03 - Q. 105 Norte Alameda das Aroeiras, Lote 29 - Centro, Palmas - TO, 77001-072, Brasil;Aparecida de Goiânia;GO;+556332154785;;https://www.google.com/maps/search/?api=1&query=Espetaria%20do%20Ga%C3%BAcho&query_place_id=ChIJW93rxxPLJJMRCku13HCptD8;4.5;376;
Espetaria Barão;Bar e Grill;Bar e Grill;Esquina com - Avenida Paraíba, Rua 03, 1585 - St. Central, Gurupi - TO, 77410-060, Brasil;Aparecida de Goiânia;GO;+556333124968;;https://www.google.com/maps/search/?api=1&query=Espetaria%20Bar%C3%A3o&query_place_id=ChIJuxAQVA2VPpMRMuP_07o0cAI;4.8;1601;
Panificadora Roma;Restaurante;Restaurante;Av, Av. Juscelino Kubitscheck, 106 - S/N - Lote 107, Palmas - TO, 77006-070, Brasil;Aparecida de Goiânia;GO;+556332144815;https://www.instagram.com/romapanificadora_pmw?igsh=YzljYTk1ODg3Zg==;https://www.google.com/maps/search/?api=1&query=Panificadora%20Roma&query_place_id=ChIJKc9KTGvLJJMR1HQcias2s9s;4.3;2888;https://www.instagram.com/romapanificadora_pmw?igsh=yzljytk1odg3zg==
Yellow Fit Academia;Academia;Academia;Av. das Nações, 24 - 25 - Qd 24 - Jd Veneza, Aparecida de Goiânia - GO, 74958-017, Brasil;Aparecida de Goiânia;GO;+5562985316929;http://www.instagram.com/yellowfit.go;https://www.google.com/maps/search/?api=1&query=Yellow%20Fit%20Academia&query_place_id=ChIJvz-uZaH5XpMRDa7NbWzBMzU;4.5;220;http://www.instagram.com/yellowfit.go
Academia Champion Fit;Academia;Academia;Av. W-1, Qd. 36 - Lt. 07 - Sitios Santa Luzia, Aparecida de Goiânia - GO, 74922-460, Brasil;Aparecida de Goiânia;GO;+5562983385864;;https://www.google.com/maps/search/?api=1&query=Academia%20Champion%20Fit&query_place_id=ChIJdw5yUYX7XpMRyMGOf8Hkg_0;4.5;53;
West Center Academia;Academia;Academia;R. J-4, 347 - Mansões Paraíso, Aparecida de Goiânia - GO, 74952-060, Brasil;Aparecida de Goiânia;GO;+5562982036560;;https://www.google.com/maps/search/?api=1&query=West%20Center%20Academia&query_place_id=ChIJCWWbCCP6XpMRHGWpAoIWiOc;4.7;423;
Academia i9;Academia;Academia;Musculação, Dança, Loja fitness ,Aula de Lutas, Suplementos - Av. Diamante, Qd. 141 - Lt 14, 1720 - St. Pontal Sul, Aparecida de Goiânia - GO, 74955-220, Brasil;Aparecida de Goiânia;GO;+5562984075735;https://api.whatsapp.com/send?phone=5562984075735;https://www.google.com/maps/search/?api=1&query=Academia%20i9&query_place_id=ChIJB4P4Y7b7XpMRnYhhRwC490w;4.8;149;
Pró-Life Academia;Academia;Academia;Av. dos Buritis, Qd. 40 - Lt. 13 - Vila Alzira, Aparecida de Goiânia - GO, 74917-530, Brasil;Aparecida de Goiânia;GO;+556235497254;https://www.instagram.com/prolife_academia;https://www.google.com/maps/search/?api=1&query=Pr%C3%B3-Life%20Academia&query_place_id=ChIJh7j4xW76XpMRGvpu35YyZ1E;4.6;339;https://www.instagram.com/prolife_academia
FiveFit Academia;Sala de fitness;Sala de fitness;Av. Liberdade, SN - Quadra 218, Lote 23 e 24 - Jardim Buriti Sereno, Aparecida de Goiânia - GO, 74943-400, Brasil;Aparecida de Goiânia;GO;+5562981432737;https://fivefitacademia.com.br/;https://www.google.com/maps/search/?api=1&query=FiveFit%20Academia&query_place_id=ChIJUxJ2cF73XpMRLg9yUBa1AWo;4.8;402;
Churrascaria Boi Na Brasa;Churrascaria;Churrascaria;Zap (61)99671 - 0866Av. Bernardo Sayão, 3207 - St. Aeroporto, Guaraí - TO, 77700-000, Brasil;Aparecida de Goiânia;GO;+5563999948418;;https://www.google.com/maps/search/?api=1&query=Churrascaria%20Boi%20Na%20Brasa&query_place_id=ChIJizYQb525JpMR7yVPLR-gJB0;4.5;408;
Churrascaria Cometa;Churrascaria;Churrascaria;BR-153, Gurupi - TO, 77402-220, Brasil;Aparecida de Goiânia;GO;+556333141431;;https://www.google.com/maps/search/?api=1&query=Churrascaria%20Cometa&query_place_id=ChIJ5bb36AOVPpMRxq68h_E7Ul4;3.6;6103;
Boi na brasa;Restaurante;Restaurante;Av. Brasil, 2000 - Alto Paraná, Redenção - PA, 68550-325, Brasil;Aparecida de Goiânia;GO;+5594991334663;https://contatos-clique-aqui.my.canva.site/bnb;https://www.google.com/maps/search/?api=1&query=Boi%20na%20brasa&query_place_id=ChIJAVUYjgAI4JIR78Yhc68ztVM;4.3;786;
Churrascaria rota 153;Churrascaria;Churrascaria;Av. Pres Jk, 2, Barrolândia - TO, 77665-000, Brasil;Aparecida de Goiânia;GO;+5563999413255;;https://www.google.com/maps/search/?api=1&query=Churrascaria%20rota%20153&query_place_id=ChIJY3jbc6F9I5MR9ZsLVVv-mAI;3.2;1065;
Spaço Dhelta;Restaurante;Restaurante;R. David Campos, 2130 - Recanto das Águas, Cristino Castro - PI, 64920-000, Brasil;Aparecida de Goiânia;GO;+558935631001;;https://www.google.com/maps/search/?api=1&query=Spa%C3%A7o%20Dhelta&query_place_id=ChIJz_S25j8lfAcRnZ2NqyyU5Ws;4.3;278;
Restaurante Nova Opção;Restaurante;Restaurante;Av. Ceará, 1142 - St. Central, Gurupi - TO, 77410-050, Brasil;Aparecida de Goiânia;GO;+556333128398;;https://www.google.com/maps/search/?api=1&query=Restaurante%20Nova%20Op%C3%A7%C3%A3o&query_place_id=ChIJ8_CVCnOVPpMRiDxQ6Q6TiVQ;4.5;244;
Mil Sabores;Restaurante;Restaurante;Av. Sete de Setembro, 3072 - Centro, Conceição do Araguaia - PA, 68540-000, Brasil;Aparecida de Goiânia;GO;+559434211000;http://www.milsaboresalimentos.com.br/;https://www.google.com/maps/search/?api=1&query=Mil%20Sabores&query_place_id=ChIJfQnhrqHsmJIRLDgUcvjIJjc;4.4;172;
Coelho Café;Restaurante;Restaurante;R. Prof. Aguiar, Corrente - PI, 64980-000, Brasil;Aparecida de Goiânia;GO;+5589999340970;;https://www.google.com/maps/search/?api=1&query=Coelho%20Caf%C3%A9&query_place_id=ChIJ6x4upUk5M5MRyW_GUMRwquo;4.5;189;
Mamma Mia Massas ao Vivo e Pizzaria;Pizzaria;Pizzaria;Zap (61)99671 - 0866Av. São Paulo, 1496 - St. Central, Gurupi - TO, 77403-040, Brasil;Aparecida de Goiânia;GO;+556333016246;https://www.mammamiagpi.com.br/;https://www.google.com/maps/search/?api=1&query=Mamma%20Mia%20Massas%20ao%20Vivo%20e%20Pizzaria&query_place_id=ChIJPyFbMwaVPpMRYoY36jUuV7M;4.8;1664;
Restaurante Gereba;Restaurante;Restaurante;R. João de Pádua, 662 - Centro, Paraíso do Tocantins - TO, 77600-000, Brasil;Aparecida de Goiânia;GO;+556333611773;;https://www.google.com/maps/search/?api=1&query=Restaurante%20Gereba&query_place_id=ChIJeTSUltlPI5MRQ-Gtfea2wGg;4.4;147;
Churrascaria Gurgueia Grill;Churrascaria;Churrascaria;Av. Ademar Diógenes, 1135 - São Pedro, Bom Jesus - PI, 64900-000, Brasil;Aparecida de Goiânia;GO;+5589981500083;;https://www.google.com/maps/search/?api=1&query=Churrascaria%20Gurgueia%20Grill&query_place_id=ChIJ-9niVqBNfAcRjQ8YA1u55Cg;4.2;584;
Palmas Shopping;Restaurante;Restaurante;Palmas Shopping - Q. 101 Sul, Rua NSA Conj. 02 Lote 10 - P. Diretor Sul - Plano Diretor Sul, Palmas - TO, 77015-004, Brasil;Aparecida de Goiânia;GO;+5563999201834;https://palmasshopping.com.br/;https://www.google.com/maps/search/?api=1&query=Palmas%20Shopping&query_place_id=ChIJwbgRYYbLJJMRk4zROdLswHE;4.3;10922;
Homu's Restaurante e Pizzaria;Restaurante self-service;Restaurante self-service;Praça Prof. Júlio Paixão, 64770-000, São Raimundo Nonato - PI, 64770-000, Brasil;Aparecida de Goiânia;GO;+5589981150253;https://www.homuspizzaria.com.br/;https://www.google.com/maps/search/?api=1&query=Homu's%20Restaurante%20e%20Pizzaria&query_place_id=ChIJbwAz4r0EegcRxBi37bZLoQ4;4.4;291;
Paladares pizzaria e churrascaria;Restaurante;Restaurante;Av. Adolfo Ferreira dos Santos - Ribeirão, Anísio de Abreu - PI, 64780-000, Brasil;Aparecida de Goiânia;GO;+5589981358442;https://instagram.com/paladarespc?igshid=YmMyMTA2M2Y=;https://www.google.com/maps/search/?api=1&query=Paladares%20pizzaria%20e%20churrascaria&query_place_id=ChIJlWV7q2FJegcRyIK8rbfAESo;4.7;36;https://instagram.com/paladarespc?igshid=ymmymta2m2y=
Coxinha e Cia Gurupi;Lanchonete;Lanchonete;R. Quatorze de Novembro, 1843 - St. Central, Gurupi - TO, 77405-070, Brasil;Aparecida de Goiânia;GO;+5563992321139;https://pedido.anota.ai/loja/coxinha-cia-3?f=msa;https://www.google.com/maps/search/?api=1&query=Coxinha%20e%20Cia%20Gurupi&query_place_id=ChIJd-ISycOVPpMRQ6W79VWktQA;4.6;38;
Santo Canto - Pizza & Cozinha;Pizzaria;Pizzaria;Gurupi - TO, 77403-010, Brasil;Aparecida de Goiânia;GO;+556333120218;https://www.instagram.com/santocanto_?igsh=MXBxZDNhbGJ1Y3FveA==;https://www.google.com/maps/search/?api=1&query=Santo%20Canto%20-%20Pizza%20%26%20Cozinha&query_place_id=ChIJqw0vlQ-VPpMRiJ0NmHpgQe0;4.4;820;https://www.instagram.com/santocanto_?igsh=mxbxzdnhbgj1y3fvea==
Academia Work&Fit;Academia;Academia;Quadra 205 Sul Avenida LO 5, lote 07-A Quadra 205 Sul Avenida LO 5, lote 07-A - Plano Diretor Sul, Palmas - TO, 77015-260, Brasil;Aparecida de Goiânia;GO;+5563981267557;http://www.facebook.com/workoutto/;https://www.google.com/maps/search/?api=1&query=Academia%20Work%26Fit&query_place_id=ChIJReSP5zHLJJMRiOu3GDxsmMQ;4.4;108;
Atlhetica Corpo e Saúde (RP ACADEMIA);Academia;Academia;R. Antônio Aíres Primo, s/n - Centro, Porto Nacional - TO, 77500-000, Brasil;Aparecida de Goiânia;GO;+5563984674675;https://www.instagram.com/rpacademia_?igsh=enJvNGg2aHZkN2l6;https://www.google.com/maps/search/?api=1&query=Atlhetica%20Corpo%20e%20Sa%C3%BAde%20(RP%20ACADEMIA)&query_place_id=ChIJqa2yyFtzO5MR7f6sg1RU1ms;4.6;96;https://www.instagram.com/rpacademia_?igsh=enjvngg2ahzkn2l6
Centro de Atividades Sesc Palmas;Organização de serviço social;Organização de serviço social;Q. 502 Norte Avenida LO 16, 21 - Plano Diretor Norte, Palmas - TO, 77006-562, Brasil;Aparecida de Goiânia;GO;+556332199100;;https://www.google.com/maps/search/?api=1&query=Centro%20de%20Atividades%20Sesc%20Palmas&query_place_id=ChIJma7I_YDLJJMRjkxQe5X_x2Q;4.6;1000;
Academia Central Fitness;Spa e academia de ginástica;Spa e academia de ginástica;R. Santo Antônio, 513 - República, São Paulo - SP, 01314-001, Brasil;Aparecida de Goiânia;GO;+5511958642607;http://www.academiacentralfitness.com.br/;https://www.google.com/maps/search/?api=1&query=Academia%20Central%20Fitness&query_place_id=ChIJwYg0Sk1YzpQR6hjT3vZVZTc;4.4;198;
Academia Gaviões 24h - Paulista;Academia;Academia;R. Treze de Maio, 812 - Bela Vista, São Paulo - SP, 01327-000, Brasil;Aparecida de Goiânia;GO;+551132853269;;https://www.google.com/maps/search/?api=1&query=Academia%20Gavi%C3%B5es%2024h%20-%20Paulista&query_place_id=ChIJu3URy7BZzpQRPK5iWnZjGR0;4.3;1384;
V10 ACADEMIA;Academia;Academia;R. Barata Ribeiro, 72 - Bela Vista, São Paulo - SP, 01308-000, Brasil;Aparecida de Goiânia;GO;+551127374091;https://www.v10academia.com/;https://www.google.com/maps/search/?api=1&query=V10%20ACADEMIA&query_place_id=ChIJNRFV7cpZzpQRTvLZNV2Mw-I;4.7;477;
SP/UP;Academia;Academia;Av. Brigadeiro Luís Antônio, 1786 - Bela Vista, São Paulo - SP, 01318-002, Brasil;Aparecida de Goiânia;GO;+551126094477;;https://www.google.com/maps/search/?api=1&query=SP%2FUP&query_place_id=ChIJ-eOaiLlZzpQR7WTPDKnXBUQ;4.4;623;
Leven Academias - Paraíso;Sala de fitness;Sala de fitness;R. Tutóia, 765 - Vila Mariana, São Paulo - SP, 04007-004, Brasil;Aparecida de Goiânia;GO;+5511998501064;http://www.academialeven.com.br/;https://www.google.com/maps/search/?api=1&query=Leven%20Academias%20-%20Para%C3%ADso&query_place_id=ChIJzy0aVpNZzpQRiOV6n2OCYUg;5;186;
Academia SkyFit - Sé;Academia;Academia;Praça da Sé, 250 - Centro Histórico de São Paulo, São Paulo - SP, 01001-000, Brasil;Aparecida de Goiânia;GO;+5511975713399;https://skyfitacademia.com/unidade/praca-da-se-sp/;https://www.google.com/maps/search/?api=1&query=Academia%20SkyFit%20-%20S%C3%A9&query_place_id=ChIJWwJmBABZzpQRoAp7tff0L_U;4.8;489;
Les Cinq Gym;Academia;Academia;Alameda Lorena, 1004 - Jardins, São Paulo - SP, 01424-004, Brasil;Aparecida de Goiânia;GO;+551121576765;http://lescinqgym.com.br/;https://www.google.com/maps/search/?api=1&query=Les%20Cinq%20Gym&query_place_id=ChIJD51XdNBZzpQRJvWSesq0FA0;4.5;271;
Body Fit Academia;Sala de fitness;Sala de fitness;Praça da República, 85 - República, São Paulo - SP, 01045-001, Brasil;Aparecida de Goiânia;GO;+5511964343140;https://m.youtube.com/c/BODYFITBRASIL;https://www.google.com/maps/search/?api=1&query=Body%20Fit%20Academia&query_place_id=ChIJW55MRU5YzpQRJlJm6WRuW3A;4.6;269;
Up Academia;Academia;Academia;R. Dr. Diogo de Faria, 1099 - Vila Clementino, São Paulo - SP, 04037-003, Brasil;Aparecida de Goiânia;GO;+551128947654;;https://www.google.com/maps/search/?api=1&query=Up%20Academia&query_place_id=ChIJt8-GN0ZbzpQRfUDtwLu9mZk;4.8;142;
ACELERA FITNESS ACADEMIA;Academia;Academia;Av. Brigadeiro Luís Antônio, 306 - Bela Vista, São Paulo - SP, 01318-000, Brasil;Aparecida de Goiânia;GO;+5511983287943;https://www.facebook.com/acelerafitnessacademia/;https://www.google.com/maps/search/?api=1&query=ACELERA%20FITNESS%20ACADEMIA&query_place_id=ChIJk49vBFFZzpQRlStyoOh1hYE;4.9;143;
Academia Gaviões 24h - Rio Branco;Academia;Academia;Av. Rio Branco, 422 - Campos Elíseos, São Paulo - SP, 01205-001, Brasil;Aparecida de Goiânia;GO;+5511940747584;https://www.academiagavioes.com.br/;https://www.google.com/maps/search/?api=1&query=Academia%20Gavi%C3%B5es%2024h%20-%20Rio%20Branco&query_place_id=ChIJwy4W6oBZzpQReD0rGsJNlYE;4.5;87;
Academia Alfa;Personal trainer;Personal trainer;R. do Lavapés, 1061 - Cambuci, São Paulo - SP, 01519-000, Brasil;Aparecida de Goiânia;GO;+5511983154156;;https://www.google.com/maps/search/?api=1&query=Academia%20Alfa&query_place_id=ChIJs_LoXw1ZzpQR6QSMq14Y6mc;4.8;102;
ACTION 360º - PARAÍSO;Academia;Academia;R. Abílio Soares, 207 - Paraíso, São Paulo - SP, 04005-000, Brasil;Aparecida de Goiânia;GO;+5511971494945;https://www.action360.com.br/;https://www.google.com/maps/search/?api=1&query=ACTION%20360%C2%BA%20-%20PARA%C3%8DSO&query_place_id=ChIJv2B1Zs1ZzpQRSgcg8ok65HA;4.9;143;
Aquasport;Academia;Academia;R. Dr. Amâncio de Carvalho, 308 - Vila Mariana, São Paulo - SP, 04012-080, Brasil;Aparecida de Goiânia;GO;+551159046000;http://www.aquasport.com.br/;https://www.google.com/maps/search/?api=1&query=Aquasport&query_place_id=ChIJHTzJUoxZzpQR9m1FQGRX7Lo;4.6;256;
Atividade Academia;Academia;Academia;R. Conselheiro Furtado, 834 - Liberdade, São Paulo - SP, 01511-001, Brasil;Aparecida de Goiânia;GO;+551120834849;http://www.atividadeacademia.com.br/;https://www.google.com/maps/search/?api=1&query=Atividade%20Academia&query_place_id=ChIJsxpUaadZzpQRO85pyPRoJ-g;4.4;259;
Pizzaria Itália - Norte |🍕|🥠|;Restaurante;Restaurante;305 Norte, AV NS-03 rua, 5a - lote 15 - Plano Diretor Norte, Palmas - TO, 77001-296, Brasil;Aparecida de Goiânia;GO;+5563992889703;http://www.pizzariaitalianorte.com.br/;https://www.google.com/maps/search/?api=1&query=Pizzaria%20It%C3%A1lia%20-%20Norte%20%7C%F0%9F%8D%95%7C%F0%9F%A5%A0%7C&query_place_id=ChIJs8X5_JjLJJMRWPwZIh7Noro;4.6;362;
Don Hugo Pizzeria & Trattoria;Restaurante;Restaurante;Av. Ceará, 1711 - St. Central, Gurupi - TO, 77405-260, Brasil;Aparecida de Goiânia;GO;+5563992245990;;https://www.google.com/maps/search/?api=1&query=Don%20Hugo%20Pizzeria%20%26%20Trattoria&query_place_id=ChIJF7fJHg-VPpMRPPQHTjkvMWk;4.4;61;
RESTAURANTE A MODA DA CASA;Restaurante;Restaurante;Av. Chevalier Neme Jafete, 470-584 - Vila Mariana, Aparecida de Goiânia - GO, 74938-060, Brasil;Aparecida de Goiânia;GO;+556239521802;;https://www.google.com/maps/search/?api=1&query=RESTAURANTE%20A%20MODA%20DA%20CASA&query_place_id=ChIJ2Q7QsIj3XpMRudBwz4rYUHA;4.5;454;
Priori Gourmet;Restaurante;Restaurante;R. Dez, 9966 - 7330 - Jardim Monte Cristo, Aparecida de Goiânia - GO, 74968-290, Brasil;Aparecida de Goiânia;GO;+5562991545096;https://instagram.com/priorigourmet?utm_medium=copy_link;https://www.google.com/maps/search/?api=1&query=Priori%20Gourmet&query_place_id=ChIJefBFpfz7XpMRaXO2wpfyNlM;4.3;1324;https://instagram.com/priorigourmet?utm_medium=copy_link
Restaurante sabor Baiano;Restaurante;Restaurante;R. Transamazônica, qd 91 - LT 23 - Cidade Livre, Aparecida de Goiânia - GO, 74970-210, Brasil;Aparecida de Goiânia;GO;+5562999448971;;https://www.google.com/maps/search/?api=1&query=Restaurante%20sabor%20Baiano&query_place_id=ChIJZ-cNgkD7XpMRAH7ZIbMFUwM;4.9;62;
Moura Restaurante Fogão a Lenha;Restaurante;Restaurante;R. Sampaio Vidal - Internacional Park, Aparecida de Goiânia - GO, 74987-150, Brasil;Aparecida de Goiânia;GO;+5562992862638;https://instagram.com/mourarestaurante?utm_source=ig_profile_share&igshid=1dnv4jbz57djk;https://www.google.com/maps/search/?api=1&query=Moura%20Restaurante%20Fog%C3%A3o%20a%20Lenha&query_place_id=ChIJ8SHC3Zn8XpMRcAIDgHN5rNs;4.4;301;https://instagram.com/mourarestaurante?utm_source=ig_profile_share&igshid=1dnv4jbz57djk
Restaurante Caipirão;Restaurante brasileiro;Restaurante brasileiro;Av.Santana do Livramento Q1 Lt0, chácara 03 - Jardim Cristal, Aparecida de Goiânia - GO, 74982-330, Brasil;Aparecida de Goiânia;GO;+5562994554040;;https://www.google.com/maps/search/?api=1&query=Restaurante%20Caipir%C3%A3o&query_place_id=ChIJQ-EXBq_7XpMRDMRt9NaDBeg;4.6;711;
Churrascaria do Tonhão;Churrascaria;Churrascaria;Avenida das Nações, S/N - Quadra 14, Rua L-12 - Bairro Vera Cruz, GO, Brasil;Aparecida de Goiânia;GO;+556235844130;;https://www.google.com/maps/search/?api=1&query=Churrascaria%20do%20Tonh%C3%A3o&query_place_id=ChIJoYAOCoD7XpMR_1_EVsd7cGc;4.4;714;
Restaurante La Fontana;Restaurante;Restaurante;Av. Dr. Ignácio Xavier da Silva - Expansul, Aparecida de Goiânia - GO, 74986-310, Brasil;Aparecida de Goiânia;GO;+5562995362821;;https://www.google.com/maps/search/?api=1&query=Restaurante%20La%20Fontana&query_place_id=ChIJGWhE8iL7XpMRjjMMOAPO6H4;4.8;10;
Texas Restaurante e Bar;Restaurante;Restaurante;Av. W-1, 001 - Sitios Santa Luzia, Aparecida de Goiânia - GO, 74922-460, Brasil;Aparecida de Goiânia;GO;+556230947077;https://www.instagram.com/texasrestauranteebar/;https://www.google.com/maps/search/?api=1&query=Texas%20Restaurante%20e%20Bar&query_place_id=ChIJ9Sss53fwXpMRAnJUjHjkUsQ;4.4;1649;https://www.instagram.com/texasrestauranteebar/
Cantinho da Vovó Coraci | Jantar, Jantinhas, Marmitas, Marmitex, Comida Caseira e Delivery;Restaurante;Restaurante;R. Piratininga, Q.35 - L.13 - Nova Olinda, Aparecida de Goiânia - GO, 74988-645, Brasil;Aparecida de Goiânia;GO;+5562991119291;https://linktr.ee/CantinhoDaVovoCoraci;https://www.google.com/maps/search/?api=1&query=Cantinho%20da%20Vov%C3%B3%20Coraci%20%7C%20Jantar%2C%20Jantinhas%2C%20Marmitas%2C%20Marmitex%2C%20Comida%20Caseira%20e%20Delivery&query_place_id=ChIJLfJX3338XpMRYMOJQdcRSv4;4.8;178;
ROMANO ACADEMIA;Sala de fitness;Sala de fitness;Avenida Zoroastro Artiaga, R. L-12, QD 03 - Cidade Satélite São Luiz, Aparecida de Goiânia - GO, 74920-570, Brasil;Aparecida de Goiânia;GO;+5562982313300;;https://www.google.com/maps/search/?api=1&query=ROMANO%20ACADEMIA&query_place_id=ChIJFUXb8uv7XpMRelpUNCM0LYQ;4.8;169;
Amaral Fitness;Sala de fitness;Sala de fitness;Av. das Palmeiras, 2283-2351 - Jardim dos Buritis, Aparecida de Goiânia - GO, 74923-590, Brasil;Aparecida de Goiânia;GO;+5562992059528;https://instagram.com/amaralfitness?utm_medium=copy_link;https://www.google.com/maps/search/?api=1&query=Amaral%20Fitness&query_place_id=ChIJUaz2Tuz6XpMRw1BuDhTUWWg;4.7;89;https://instagram.com/amaralfitness?utm_medium=copy_link
Academia Pinheiros;Academia;Academia;R. Simão Álvares, 465 - Pinheiros, São Paulo - SP, 05417-030, Brasil;Aparecida de Goiânia;GO;+551130313834;http://www.academiapinheiros.com.br/;https://www.google.com/maps/search/?api=1&query=Academia%20Pinheiros&query_place_id=ChIJmSoAQp9XzpQRZ9e92NwOLaY;4.7;483;
First Academia;Academia;Academia;R. da Consolação, 3249 - Jardim Paulista, São Paulo - SP, 01416-001, Brasil;Aparecida de Goiânia;GO;+551130633646;https://www.firstacademia.com.br/;https://www.google.com/maps/search/?api=1&query=First%20Academia&query_place_id=ChIJ79WFqi1YzpQRSgU6iZE4BNk;4.3;194;
Urb Fitness;Academia;Academia;R. Alm. Marques de Leão, 584 - Bela Vista, São Paulo - SP, 01330-010, Brasil;Aparecida de Goiânia;GO;+5511987669453;http://www.urbfitness.com.br/;https://www.google.com/maps/search/?api=1&query=Urb%20Fitness&query_place_id=ChIJSR7OnrdZzpQRctPdhetrM4I;4.5;387;
Academia Brasileira de Musculação;Academia;Academia;Rua do Gasômetro, 141 - 2° Andar - Brás, São Paulo - SP, 03004-001, Brasil;Aparecida de Goiânia;GO;+551133261038;;https://www.google.com/maps/search/?api=1&query=Academia%20Brasileira%20de%20Muscula%C3%A7%C3%A3o&query_place_id=ChIJkQbEg_1YzpQR15klN1r0H4k;4.7;80;
AREA Esportes;Academia;Academia;R. Pamplona, 1616 - Portão 2 - Jardim Paulista, São Paulo - SP, 01405-002, Brasil;Aparecida de Goiânia;GO;+551138871037;http://www.areaesportes.com.br/;https://www.google.com/maps/search/?api=1&query=AREA%20Esportes&query_place_id=ChIJAwsmtsRZzpQROXHme5xfPZM;4.4;157;
Estação;Academia;Academia;ss Hotel Intercontinental - Alameda Santos, 1123 - 2º - Jardim Paulista, São Paulo - SP, 01419-001, Brasil;Aparecida de Goiânia;GO;+551131481037;http://www.estacaofitness.com.br/;https://www.google.com/maps/search/?api=1&query=Esta%C3%A7%C3%A3o&query_place_id=ChIJQzdQNcZZzpQR5jSscaGeN3M;4.4;55;
Bfit Academia;Sala de fitness;Sala de fitness;R. Leandro Dupret, 1029 - Vila Clementino, São Paulo - SP, 04025-014, Brasil;Aparecida de Goiânia;GO;+551132945708;http://www.bfit.com.br/;https://www.google.com/maps/search/?api=1&query=Bfit%20Academia&query_place_id=ChIJt9GdcjxazpQR6grWqPQqVFI;4.2;434;
Bodytech - Shopping Pátio Paulista;Academia;Academia;R. Treze de Maio, 1947 - Bela Vista, São Paulo - SP, 01327-001, Brasil;Aparecida de Goiânia;GO;+551132623239;http://www.bodytech.com.br/shopping-patio-paulista?utm_source=googlebuiss&utm_campaign=Patio+Paulista;https://www.google.com/maps/search/?api=1&query=Bodytech%20-%20Shopping%20P%C3%A1tio%20Paulista&query_place_id=ChIJ-X391pdZzpQRmOV8IDuUno8;4.4;503;
Bistrô Chica Doida;Restaurante;Restaurante;Av. Virgílio Joaquim Ferreira, 11 - Res. Parque Flamboyant, Aparecida de Goiânia - GO, 74920-784, Brasil;Aparecida de Goiânia;GO;+556230853508;https://www.instagram.com/bistrochicadoida/;https://www.google.com/maps/search/?api=1&query=Bistr%C3%B4%20Chica%20Doida&query_place_id=ChIJg20F0wrwXpMRvG37lv_beM8;4.6;629;https://www.instagram.com/bistrochicadoida/
Bob's Burger - Aparecida Shopping;Restaurante fast-food;Restaurante fast-food;Avenida Independência, S/N Quadra Área - Lote 01, Aparecida de Goiânia - GO, 74973-340, Brasil;Aparecida de Goiânia;GO;+556230971141;https://bobs.com.br/;https://www.google.com/maps/search/?api=1&query=Bob's%20Burger%20-%20Aparecida%20Shopping&query_place_id=ChIJ8bqgwMf7XpMRQylxFn8RS-Y;4.8;269;
Lanchonete e Restaurante São Pedro;Lanchonete;Lanchonete;km 576 distrito de congonhas, BR-163, Bandeirantes - MS, 79430-000, Brasil;Aparecida de Goiânia;GO;+5567982137017;;https://www.google.com/maps/search/?api=1&query=Lanchonete%20e%20Restaurante%20S%C3%A3o%20Pedro&query_place_id=ChIJHwOW4QNqgZQRQhIFRJDN-ms;4.3;1623;
Academia VIAFIT Family;Academia;Academia;Aparecida Shopping - Av. Independência, S/N - Quadra Área Lote 01 - St. Serra Dourada - 3ª Etapa, Aparecida de Goiânia - GO, 74973-340, Brasil;Aparecida de Goiânia;GO;+5562992783328;https://viafitfamily.com.br/;https://www.google.com/maps/search/?api=1&query=Academia%20VIAFIT%20Family&query_place_id=ChIJx7tgjIb7XpMRyRGmJWcbiJ4;4.6;260;
Academia Gynasiun Fitnes Triton;Academia;Academia;Av. V, 6 - Cidade Vera Cruz, Aparecida de Goiânia - GO, 74935-840, Brasil;Aparecida de Goiânia;GO;+5562992719621;http://www.hinodeonline.net/634582;https://www.google.com/maps/search/?api=1&query=Academia%20Gynasiun%20Fitnes%20Triton&query_place_id=ChIJUYE40Fv3XpMR4a5KObQTokw;4.4;102;
Academia White Fitness Unidade 1;Sala de fitness;Sala de fitness;Av. dos Cafezais, 1350 - Jardim Centro Oeste, Campo Grande - MS, 79072-400, Brasil;Aparecida de Goiânia;GO;+556733272170;;https://www.google.com/maps/search/?api=1&query=Academia%20White%20Fitness%20Unidade%201&query_place_id=ChIJe98u5_TvhpQR6_WcFth33FU;4.7;227;
Bem Estar Academia;Academia;Academia;AV: Tamandaré, 4403 - Vila Planalto, Campo Grande - MS, 79118-720, Brasil;Aparecida de Goiânia;GO;+5567991385108;https://www.instagram.com/bemestaracademia.cg/;https://www.google.com/maps/search/?api=1&query=Bem%20Estar%20Academia&query_place_id=ChIJVfhnKennhpQRb1pcBrq3J2k;4.9;231;https://www.instagram.com/bemestaracademia.cg/
Point Fitness;Sala de fitness;Sala de fitness;R. Patrocínio, 720 - Jardim Centro Oeste, Campo Grande - MS, 79073-030, Brasil;Aparecida de Goiânia;GO;+5567996516630;;https://www.google.com/maps/search/?api=1&query=Point%20Fitness&query_place_id=ChIJD62Ma1zlhpQRoo9W25GkHNc;4.8;52;
Academia M3;Academia;Academia;R. Dr. Paulo Machado, 744 - Santa Fe, Campo Grande - MS, 79022-460, Brasil;Aparecida de Goiânia;GO;+556733261793;;https://www.google.com/maps/search/?api=1&query=Academia%20M3&query_place_id=ChIJHeJa2JLohpQRug2bd8LaUw8;4.6;141;
Academia BlueFit Av. Mato Grosso;Academia;Academia;Av. Mato Grosso, 3520 - Santa Fe, Campo Grande - MS, 79021-151, Brasil;Aparecida de Goiânia;GO;+5511988993454;https://www.bluefit.com.br/unidade/av-mato-grosso;https://www.google.com/maps/search/?api=1&query=Academia%20BlueFit%20Av.%20Mato%20Grosso&query_place_id=ChIJUzCZ0PLphpQRJFibTP3x06k;4.3;255;
Academia GymForYou Training Center;Academia;Academia;R. América, 463 - Centro, Corumbá - MS, 79302-070, Brasil;Aparecida de Goiânia;GO;+5567992833585;https://www.instagram.com/gym4youoficial/;https://www.google.com/maps/search/?api=1&query=Academia%20GymForYou%20Training%20Center&query_place_id=ChIJ4yEkUQChh5MRalBzRmubyAw;4.8;46;https://www.instagram.com/gym4youoficial/
Academia Sul-Mato-Grossense de Letras - ASL;Organização artística;Organização artística;Rua 14 de Julho, 4653 - Altos do São Francisco, Campo Grande - MS, 79010-470, Brasil;Aparecida de Goiânia;GO;+556733821395;http://www.acletrasms.org.br/;https://www.google.com/maps/search/?api=1&query=Academia%20Sul-Mato-Grossense%20de%20Letras%20-%20ASL&query_place_id=ChIJBytxmdHnhpQRcKf3RC3FG9Y;4.8;52;
Academia RISE escola de artes marciais;Escola de jiu-jitsu;Escola de jiu-jitsu;R. Gonçalves Dias, 525 - Aeroporto, Corumbá - MS, 79320-020, Brasil;Aparecida de Goiânia;GO;+5567999023605;;https://www.google.com/maps/search/?api=1&query=Academia%20RISE%20escola%20de%20artes%20marciais&query_place_id=ChIJcbU_hs2hh5MRcYtsBpQwyww;5;61;
Boxe Elite;Academia de boxe;Academia de boxe;R. Arapuã, 650 - Guanandi, Campo Grande - MS, 79086-029, Brasil;Aparecida de Goiânia;GO;+5567992332530;https://bit.ly/45KtarV;https://www.google.com/maps/search/?api=1&query=Boxe%20Elite&query_place_id=ChIJQ8yAnnnnhpQRYyd6RcUPiKk;5;231;
Master School - Escolas de Artes Marciais;Academia de artes marciais;Academia de artes marciais;R. Dr. Paulo Machado, 489 - Piso superior - Santa Fe, Campo Grande - MS, 79021-460, Brasil;Aparecida de Goiânia;GO;+556730296406;https://masterartesmarciais.com.br/;https://www.google.com/maps/search/?api=1&query=Master%20School%20-%20Escolas%20de%20Artes%20Marciais&query_place_id=ChIJ-7g8sB_mhpQRw4TBVPL7Jtw;5;117;
Brandão Fight - Fit e Kids;Academia de artes marciais;Academia de artes marciais;R. Rui Barbosa, 1771 - Centro, Campo Grande - MS, 79004-431, Brasil;Aparecida de Goiânia;GO;+5567996686883;https://www.academiabrandaofitkids.com.br/;https://www.google.com/maps/search/?api=1&query=Brand%C3%A3o%20Fight%20-%20Fit%20e%20Kids&query_place_id=ChIJP9qK7zrmhpQRZFGJ3QwNBpg;4.9;172;
Academia Aliança Fitness Unidade Vera Cruz;Academia;Academia;Av. V-5, Qd. 243 - Lt. 08/09 - Cidade Vera Cruz, Aparecida de Goiânia - GO, 74936-600, Brasil;Aparecida de Goiânia;GO;+5562981545595;https://aliancafitness.com.br/unidade-veracruz/;https://www.google.com/maps/search/?api=1&query=Academia%20Alian%C3%A7a%20Fitness%20Unidade%20Vera%20Cruz&query_place_id=ChIJgabzLsL5XpMRjOsSDql3W7A;4.6;36;
Academia Água e Saúde;Academia;Academia;R. Centauro, Q.30A lt.3 - Jardim Luz, Aparecida de Goiânia - GO, 74915-050, Brasil;Aparecida de Goiânia;GO;+5562992083324;;https://www.google.com/maps/search/?api=1&query=Academia%20%C3%81gua%20e%20Sa%C3%BAde&query_place_id=ChIJu6PQ8rDxXpMRCXJI3nrHPIE;4.9;131;
Açaísso Aparecida de Goiânia - Açaíteria e Sorveteria;Sorveteria;Sorveteria;Av. Independência - Cidade Livre, Aparecida de Goiânia - GO, 74967-150, Brasil;Aparecida de Goiânia;GO;+5562993196788;https://instagram.com/acaissoo;https://www.google.com/maps/search/?api=1&query=A%C3%A7a%C3%ADsso%20Aparecida%20de%20Goi%C3%A2nia%20-%20A%C3%A7a%C3%ADteria%20e%20Sorveteria&query_place_id=ChIJY-h92Rz5XpMRXzI7xEufwpY;4.8;256;https://instagram.com/acaissoo
Tropical Lanches Centro De Aparecida;Lanchonete;Lanchonete;R. Abrão Lourenço de Carvalho, 378 - St. Central, Aparecida de Goiânia - GO, 74980-020, Brasil;Aparecida de Goiânia;GO;+556239811137;;https://www.google.com/maps/search/?api=1&query=Tropical%20Lanches%20Centro%20De%20Aparecida&query_place_id=ChIJQ-lRx2j7XpMRwgb7mpkJ_XE;4.8;267;
Stack on Burguer;Hamburgueria;Hamburgueria;Av. Independência - Serra dourada 3, Aparecida de Goiânia - GO, 74973-753, Brasil;Aparecida de Goiânia;GO;+5562984992621;https://api.whatsapp.com/message/KIW7KNAILVOKD1;https://www.google.com/maps/search/?api=1&query=Stack%20on%20Burguer&query_place_id=ChIJqavqLoT7XpMRFiQXWVFDHo0;4.7;63;
Studio The Flame;Academia;Academia;R. Bela Cintra, 934 - Consolação, São Paulo - SP, 01415-002, Brasil;Aparecida de Goiânia;GO;+5511944753741;http://theflame.com.br/;https://www.google.com/maps/search/?api=1&query=Studio%20The%20Flame&query_place_id=ChIJL8fEaR1ZzpQR542GOeCNixI;4.5;188;
Academia Atitude Fitness;Academia;Academia;R. Gaspar Fernandes, 274 - Vila Monumento, São Paulo - SP, 01549-000, Brasil;Aparecida de Goiânia;GO;+5511992213502;https://www.atitudefitacademia.com.br/;https://www.google.com/maps/search/?api=1&query=Academia%20Atitude%20Fitness&query_place_id=ChIJ3YQSfmdZzpQRRpUp9u6y2QM;4.7;239;
vivitacademia;Programa de condicionamento físico;Programa de condicionamento físico;R. Dr. Tomás Carvalhal, 449 - Paraíso, São Paulo - SP, 04006-001, Brasil;Aparecida de Goiânia;GO;+551123710521;http://www.vivitacademia.com/#!contato/c2q4;https://www.google.com/maps/search/?api=1&query=vivitacademia&query_place_id=ChIJVVUFQpFZzpQRUgQhBqcc5vA;4.6;23;
Bodytech - Jardins;Academia;Academia;R. da Consolação, 2970 - Cerqueira César, São Paulo - SP, 01416-000, Brasil;Aparecida de Goiânia;GO;+5521993410670;http://www.bodytech.com.br/jardins--consolacao?utm_source=googlebuiss&utm_campaign=Jardins+Consolacao;https://www.google.com/maps/search/?api=1&query=Bodytech%20-%20Jardins&query_place_id=ChIJWx0_TytYzpQRGva7w8DjYfg;4.4;346;
Pró3 Academia Liberdade;Academia;Academia;Av. da Liberdade, 720 - Liberdade, São Paulo - SP, 01502-001, Brasil;Aparecida de Goiânia;GO;+5511922095336;https://pro3academia.com.br/unidade-liberdade/;https://www.google.com/maps/search/?api=1&query=Pr%C3%B33%20Academia%20Liberdade&query_place_id=ChIJcc9F0IZZzpQRTTYmW7jXdTs;3.9;436;
Academia V.O2 Fitness Sapezal Musculação e Cross;Academia;Academia;Av. Rotary Internacional, Sapezal - MT, 78365-034, Brasil;Aparecida de Goiânia;GO;+5565996854634;;https://www.google.com/maps/search/?api=1&query=Academia%20V.O2%20Fitness%20Sapezal%20Muscula%C3%A7%C3%A3o%20e%20Cross&query_place_id=ChIJMXf1TPHhvJMRejYV0Yp_6Uc;4.9;43;
Restaurante Rei;Restaurante;Restaurante;Avenida Independência quadra 4 lote 10, s/n - Cidade Livre, Aparecida de Goiânia - GO, 74967-070, Brasil;Aparecida de Goiânia;GO;+556232838937;;https://www.google.com/maps/search/?api=1&query=Restaurante%20Rei&query_place_id=ChIJC38F4Fv5XpMRSPmBAqaRctI;4.2;150;
TOP FIT ACADEMIA;Academia;Academia;Morro de São Paulo, Cairu - BA, 45420-000, Brasil;Aparecida de Goiânia;GO;+5575998092763;;https://www.google.com/maps/search/?api=1&query=TOP%20FIT%20ACADEMIA&query_place_id=ChIJzzk-eYJrPgcR3COar7yC0h8;4.8;44;
Movimentos Fit Academia;Sala de fitness;Sala de fitness;R. Teodoro Sampaio, 381 - Centro, Vitória da Conquista - BA, 45000-120, Brasil;Aparecida de Goiânia;GO;+5577988160222;;https://www.google.com/maps/search/?api=1&query=Movimentos%20Fit%20Academia&query_place_id=ChIJ8Vv6j687RgcRzdHQ8VL6dSk;4.8;110;
Academia Brasil Fitness;Academia;Academia;3243, Av. Serrinha, 3230 - Ibirapuera, Vitória da Conquista - BA, Brasil;Aparecida de Goiânia;GO;+5577981039207;;https://www.google.com/maps/search/?api=1&query=Academia%20Brasil%20Fitness&query_place_id=ChIJ71Wclr07RgcRWIzxo3sa4_M;4.5;218;
Academia Vip Fitness - Academia em Vitória da Conquista;Academia;Academia;Av. Filipinas, 1430 - Jurema, Vitória da Conquista - BA, 45055-200, Brasil;Aparecida de Goiânia;GO;+5577998156964;https://instagram.com/vipfitnessvdc;https://www.google.com/maps/search/?api=1&query=Academia%20Vip%20Fitness%20-%20Academia%20em%20Vit%C3%B3ria%20da%20Conquista&query_place_id=ChIJ6Z-by_87RgcRc3_SGRX0tg4;4.9;71;https://instagram.com/vipfitnessvdc
Academia Pró-Saude;Academia;Academia;Av. Jequié, 114 - Ibirapuera, Vitória da Conquista - BA, 45075-035, Brasil;Aparecida de Goiânia;GO;+5577988118303;;https://www.google.com/maps/search/?api=1&query=Academia%20Pr%C3%B3-Saude&query_place_id=ChIJJX7BHLs7RgcRs0V4DRN4d98;4.5;50;
Academia M7 Fitness Center;Sala de fitness;Sala de fitness;Ao lado do Clube de Campo - Av. Guanabara, Nº 554 - São Francisco, Guanambi - BA, 46430-000, Brasil;Aparecida de Goiânia;GO;+557734511292;https://www.instagram.com/m7fitness.center/;https://www.google.com/maps/search/?api=1&query=Academia%20M7%20Fitness%20Center&query_place_id=ChIJFUoa_YbEWgcRHMkFgNYSPPs;4.8;319;https://www.instagram.com/m7fitness.center/
SV FITNESS;Academia;Academia;Praça São João Batista, 190 - Pontal, Ilhéus - BA, 45654-400, Brasil;Aparecida de Goiânia;GO;+5573991379204;http://svfitness.com.br/;https://www.google.com/maps/search/?api=1&query=SV%20FITNESS&query_place_id=ChIJ107P830KOQcRMjxS0q22slY;4.7;300;
Academia Feminina Fitness;Sala de fitness;Sala de fitness;Av. Brasil, 750 - Candeias, Vitória da Conquista - BA, 45028-265, Brasil;Aparecida de Goiânia;GO;+557734225008;https://www.instagram.com/femininaafitt/;https://www.google.com/maps/search/?api=1&query=Academia%20Feminina%20Fitness&query_place_id=ChIJiTFkSQQ7RgcRYRFSeGG4FPk;4.8;66;https://www.instagram.com/femininaafitt/
Alpha Fitness - Santa Mônica;Academia;Academia;R. São Domingos - Santa Monica, Feira de Santana - BA, 44077-465, Brasil;Aparecida de Goiânia;GO;+557530226993;https://www.redealphafitness.com.br/unidades/santa-monica/index.html;https://www.google.com/maps/search/?api=1&query=Alpha%20Fitness%20-%20Santa%20M%C3%B4nica&query_place_id=ChIJNzyRcN83FAcRwvLrs6wLETM;4.6;123;
Alpha Fitness - Conquista Sul;Sala de fitness;Sala de fitness;Av. Juracy Magalhães, 3340 - g2 - Felicia, Vitória da Conquista - BA, 45055-900, Brasil;Aparecida de Goiânia;GO;+557734245627;https://www.redealphafitness.com.br/unidades/shopping-conquista-sul/index.html;https://www.google.com/maps/search/?api=1&query=Alpha%20Fitness%20-%20Conquista%20Sul&query_place_id=ChIJfSaZ4Ww7RgcRrOkozM2KwZs;4.5;129;
Stúdio Marytop Gym;Sala de fitness;Sala de fitness;R. São Paulo, s/n - Santa Rita, Santo Antônio de Jesus - BA, 44430-406, Brasil;Aparecida de Goiânia;GO;+5575998582302;http://www.marytop.com.br/;https://www.google.com/maps/search/?api=1&query=St%C3%BAdio%20Marytop%20Gym&query_place_id=ChIJU30Lku0rPgcRl1Tnac5wiWc;4.8;39;
Academia Big Fit;Academia;Academia;Av. Lomanto Jr., S/N - Cidade Nova, Jequié - BA, 45201-331, Brasil;Aparecida de Goiânia;GO;+5573991212588;;https://www.google.com/maps/search/?api=1&query=Academia%20Big%20Fit&query_place_id=ChIJ7ZQZEDmvQAcRfqe8rVSu1ys;5;21;
CT MSP - Casa Amarela;Academia;Academia;Morro de São Paulo, Cairu - BA, 45428-000, Brasil;Aparecida de Goiânia;GO;+5575992929388;;https://www.google.com/maps/search/?api=1&query=CT%20MSP%20-%20Casa%20Amarela&query_place_id=ChIJ4VPYLglrPgcRZnohfBLfiZk;4;4;
Moov Academia - Unidade II;Academia;Academia;Av. Manoel Athaide, 1344 - Santo Antônio, Janaúba - MG, 39445-281, Brasil;Aparecida de Goiânia;GO;+5538991400064;;https://www.google.com/maps/search/?api=1&query=Moov%20Academia%20-%20Unidade%20II&query_place_id=ChIJWWkR7WLRUwcRag7z6ark0t8;4.8;88;
Nordestina Delivery Pizzaria;Pizzaria;Pizzaria;Whatsapp:(83 - Tv. Madalena Paraguassú, 98796 - 1588Rua - Pau Miúdo, Salvador - BA, 40301-110, Brasil;Aparecida de Goiânia;GO;+5571988916787;;https://www.google.com/maps/search/?api=1&query=Nordestina%20Delivery%20Pizzaria&query_place_id=ChIJfzAnhycbFgcR2hc-pZxb1HM;4.4;15;
A Nordestina Pizzaria;Pizzaria;Pizzaria;Av. São Rafael, 10 - 01 andar - São Rafael, Salvador - BA, 41253-190, Brasil;Aparecida de Goiânia;GO;+557132136573;;https://www.google.com/maps/search/?api=1&query=A%20Nordestina%20Pizzaria&query_place_id=ChIJDSdiWKkRFgcRiCZ8HyffkqY;3;2;
Lu Fitness Academia - Cametá;Academia;Academia;Tv. Campo Sáles, R. São Benedito, 126, Cametá - PA, 68400-000, Brasil;Aparecida de Goiânia;GO;+5591984198395;https://api.whatsapp.com/send?phone=5591984198395&text=Ol%C3%A1!%20Vim%20atrav%C3%A9s%20do%20Google%20Meu%20Neg%C3%B3cio%20e%20gostaria%20de%20saber%20mais%20informa%C3%A7%C3%B5es.;https://www.google.com/maps/search/?api=1&query=Lu%20Fitness%20Academia%20-%20Camet%C3%A1&query_place_id=ChIJJb3xEwUFvZIRekmG3BrH51o;4.9;275;
Academia Physical Center- Zona Norte;Academia;Academia;R. João Paulo de Souza, 169 - Jardim Felicidade, Macapá - AP, 68909-030, Brasil;Aparecida de Goiânia;GO;+5596981112520;;https://www.google.com/maps/search/?api=1&query=Academia%20Physical%20Center-%20Zona%20Norte&query_place_id=ChIJ1ZaYUePmYY0RxQt0eofG3dQ;4.4;213;
InterFit Altamira;Academia;Academia;R. Dom Euríco, 200 - Esplanada do Xingu, Altamira - PA, 68372-853, Brasil;Aparecida de Goiânia;GO;+5593933004646;https://www.interfitacademias.com.br/;https://www.google.com/maps/search/?api=1&query=InterFit%20Altamira&query_place_id=ChIJT6KaMyE5kpIReF7WDoOxPiE;4.9;160;
Academia Top Family;Academia;Academia;Estr. da Liberdade, 370 - Liberdade, Salvador - BA, 40375-016, Brasil;Aparecida de Goiânia;GO;+557133865085;https://www.vendafit.com.br/matricula/academia-top-family;https://www.google.com/maps/search/?api=1&query=Academia%20Top%20Family&query_place_id=ChIJlZUJ70kFFgcRyu_HK8va1WI;4.6;281;
Alpha Fitness - Aquarius;Academia;Academia;R. Aristídes Fraga Lima, 217 - Pituba, Salvador - BA, 41810-315, Brasil;Aparecida de Goiânia;GO;+557121325729;https://www.redealphafitness.com.br/unidades/aquarius/index.html;https://www.google.com/maps/search/?api=1&query=Alpha%20Fitness%20-%20Aquarius&query_place_id=ChIJwyRQoQ0bFgcRNj41yyD2_5s;4.1;214;
Bodytech - Shopping da Bahia;Personal Trainer para mulheres;Personal Trainer para mulheres;Av. Tancredo Neves, 148 - Caminho das Árvores, Salvador - BA, 41820-908, Brasil;Aparecida de Goiânia;GO;+5571981127038;http://www.bodytech.com.br/shopping-da-bahia?utm_source=googlebuiss&utm_campaign=Shopping+da+Bahia;https://www.google.com/maps/search/?api=1&query=Bodytech%20-%20Shopping%20da%20Bahia&query_place_id=ChIJYVdfURsbFgcRjHlI16Y_K_M;4.5;682;
Alpha Fitness - Shopping Bela Vista;Academia;Academia;Alameda Euvaldo Luz, 92 - Andar L2 - Horto Bela Vista, Salvador - BA, 41098-020, Brasil;Aparecida de Goiânia;GO;+557139010140;https://www.redealphafitness.com.br/unidades/shopping-bela-vista/index.html;https://www.google.com/maps/search/?api=1&query=Alpha%20Fitness%20-%20Shopping%20Bela%20Vista&query_place_id=ChIJI7PBA9gaFgcRG7dI1zhTCvo;4.6;421;
Guarajuba Fitness;Academia;Academia;Monte Gordo - R. Sr. do Bonfim, 202 - 1º andar - Guarajuba, Camaçari - BA, 42839-852, Brasil;Aparecida de Goiânia;GO;+5571991417694;;https://www.google.com/maps/search/?api=1&query=Guarajuba%20Fitness&query_place_id=ChIJ9_VA2GxRFgcRVrIyo14uziA;4.6;219;
Academia Piatã Fitness;Academia;Academia;Rua João de Souza Rêgo, 8 - Piatã, Salvador - BA, 41650-115, Brasil;Aparecida de Goiânia;GO;+557135062507;https://academiapiatafitness.com.br/;https://www.google.com/maps/search/?api=1&query=Academia%20Piat%C3%A3%20Fitness&query_place_id=ChIJ13-EcOAZFgcR3S5KGWJ_Cgc;4.6;192;
Academia Ação Fitness;Sala de fitness;Sala de fitness;R. do Curió, 05 - Mirantes de Periperi, Salvador - BA, 40719-000, Brasil;Aparecida de Goiânia;GO;+5571985157771;;https://www.google.com/maps/search/?api=1&query=Academia%20A%C3%A7%C3%A3o%20Fitness&query_place_id=ChIJV2Eh7ewRFgcRGBJPx5svhw4;4.4;103;
Base Meia Cinco Jiu-jitsu ( Base 65 Jiu-jitsu );Sala de fitness;Sala de fitness;Anexo Associação Cultural - R. Silveira Martins, 34 - Saboeiro, Salvador - BA, 41180-005, Brasil;Aparecida de Goiânia;GO;+5571992114792;;https://www.google.com/maps/search/?api=1&query=Base%20Meia%20Cinco%20Jiu-jitsu%20(%20Base%2065%20Jiu-jitsu%20)&query_place_id=ChIJaR8KfsobFgcRW6jrSi-SwKo;5;24;
Academia Spartacus Fitness - Castelo Branco;Academia;Academia;Via Castelo Branco, 404 - Castelo Branco, Salvador - BA, 41322-225, Brasil;Aparecida de Goiânia;GO;+5571996273551;;https://www.google.com/maps/search/?api=1&query=Academia%20Spartacus%20Fitness%20-%20Castelo%20Branco&query_place_id=ChIJOUBtfKARFgcRCcV5f5pSv_k;4.8;121;
Alpha Fitness - Cabula;Academia;Academia;Alameda Zulmira Ferreira, 9 - Saboeiro, Salvador - BA, 41180-335, Brasil;Aparecida de Goiânia;GO;+557141017033;https://www.redealphafitness.com.br/unidades/cabula/index.html;https://www.google.com/maps/search/?api=1&query=Alpha%20Fitness%20-%20Cabula&query_place_id=ChIJP8jfoz0bFgcRPDi2wVK1WcY;4.4;211;
Alpha Fitness - Vitória Boulevard;Sala de fitness;Sala de fitness;Av. Sete de Setembro, 1839 - Vitória, Salvador - BA, 40080-002, Brasil;Aparecida de Goiânia;GO;+557130113892;https://www.redealphafitness.com.br/unidades/alpha-vitoria-boulevard/index.html;https://www.google.com/maps/search/?api=1&query=Alpha%20Fitness%20-%20Vit%C3%B3ria%20Boulevard&query_place_id=ChIJ2-4xoT4FFgcR3_1h-W4fJ6A;4.3;158;
Alpha Fitness - Shopping Paralela;Academia;Academia;Av. Luís Viana Filho, 8544 - Paralela, Salvador - BA, 41730-101, Brasil;Aparecida de Goiânia;GO;+557133606004;https://www.redealphafitness.com.br/unidades/shopping-paralela/index.html;https://www.google.com/maps/search/?api=1&query=Alpha%20Fitness%20-%20Shopping%20Paralela&query_place_id=ChIJP1wIzwIbFgcR18pRR80z3bM;4.6;642;
Academia Vibe Fitness;Academia;Academia;R. Prof. Sabino Silva, 696 - Jardim Apipema, Salvador - BA, 40155-250, Brasil;Aparecida de Goiânia;GO;+557133316637;;https://www.google.com/maps/search/?api=1&query=Academia%20Vibe%20Fitness&query_place_id=ChIJKU2hGSwDFgcRwtqw1vWeDsQ;4.4;87;
Restaurante Comida Goiana;Restaurante;Restaurante;R. Aruanã, 1 - Jardim Bela Vista, Aparecida de Goiânia - GO, 74912-260, Brasil;Aparecida de Goiânia;GO;+5534998144360;;https://www.google.com/maps/search/?api=1&query=Restaurante%20Comida%20Goiana&query_place_id=ChIJicYY0HvwXpMRDrXS0R3g05c;4.3;107;
Exclusive Academia;Academia;Academia;Av. João Paulo II, 522 - Marco, Belém - PA, 66095-491, Brasil;Aparecida de Goiânia;GO;+559133553164;;https://www.google.com/maps/search/?api=1&query=Exclusive%20Academia&query_place_id=ChIJOQyMR2uMpJIRh3h17HBgHhc;4.4;192;
Zênite Academia;Academia;Academia;Av. João Paulo II, 2059 - Marco, Belém - PA, 66095-495, Brasil;Aparecida de Goiânia;GO;+559132362067;;https://www.google.com/maps/search/?api=1&query=Z%C3%AAnite%20Academia&query_place_id=ChIJ8QHVrm2MpJIRX25S4UAVuaQ;4.2;194;
Academia Health Fit;Academia;Academia;Av. Gentil Bittencourt, 833 - Nazaré, Belém - PA, 66040-174, Brasil;Aparecida de Goiânia;GO;+559130154356;https://instagram.com/academia_healthfit?igshid=MzRlODBiNWFlZA==;https://www.google.com/maps/search/?api=1&query=Academia%20Health%20Fit&query_place_id=ChIJt3IoRayPpJIRO_GCGvwBVJ4;4.6;142;https://instagram.com/academia_healthfit?igshid=mzrlodbinwflza==
Fit4You;Sala de fitness;Sala de fitness;Tv. Alferes Costa, 1066 - Pedreira, Belém - PA, 66083-109, Brasil;Aparecida de Goiânia;GO;+5591992770462;http://www.fit4youacademia.com.br/;https://www.google.com/maps/search/?api=1&query=Fit4You&query_place_id=ChIJlRHxteeLpJIRc7In0Ige8ZI;4.5;340;
Ritual Academia;Sala de fitness;Sala de fitness;Tv. Mauriti, 3390 - Marco, Belém - PA, 66095-360, Brasil;Aparecida de Goiânia;GO;+5591981319652;https://lp.ritualacademia.com.br/;https://www.google.com/maps/search/?api=1&query=Ritual%20Academia&query_place_id=ChIJXcq9E22MpJIRx8kXRcSC5WI;4.7;181;
Companhia Belém Academia;Academia;Academia;R. Municipalidade, 489 - Reduto, Belém - PA, 66053-180, Brasil;Aparecida de Goiânia;GO;+559140053555;https://www.companhiabelem.com.br/;https://www.google.com/maps/search/?api=1&query=Companhia%20Bel%C3%A9m%20Academia&query_place_id=ChIJSduR272OpJIRuNfneSxt02E;4.7;326;
Academia Ct2;Academia;Academia;R. Antônio Everdosa, 979 - Pedreira, Belém - PA, 66085-755, Brasil;Aparecida de Goiânia;GO;+5591984549912;;https://www.google.com/maps/search/?api=1&query=Academia%20Ct2&query_place_id=ChIJWXpg9v6LpJIRO0p0BIvakKA;4.7;85;
FIGGY FIT ACADEMIA;Sala de fitness;Sala de fitness;Av. José Bonifácio - Guamá, Belém - PA, 66065-360, Brasil;Aparecida de Goiânia;GO;+5591980774341;;https://www.google.com/maps/search/?api=1&query=FIGGY%20FIT%20ACADEMIA&query_place_id=ChIJ9VuZfVqNpJIR7NTJfSaWE10;4.8;80;
Academia Ávila Fit;Academia;Academia;R. Humaitá - Diamantino, Santarém - PA, 68020-160, Brasil;Aparecida de Goiânia;GO;+5593991261783;https://www.instagram.com/academiaavilafit/;https://www.google.com/maps/search/?api=1&query=Academia%20%C3%81vila%20Fit&query_place_id=ChIJhbz_O7v5iJIRWkvXU9UmNhU;4.6;98;https://www.instagram.com/academiaavilafit/
blue fitness e fisioterapia;Academia;Academia;Av. Tavares Bastos, n° 1430 - Marambaia, Belém - PA, 66615-005, Brasil;Aparecida de Goiânia;GO;+559132312926;https://instagram.com/blueacademia;https://www.google.com/maps/search/?api=1&query=blue%20fitness%20e%20fisioterapia&query_place_id=ChIJ1TiltLOLpJIRbiIfGAsnwsA;4.3;258;https://instagram.com/blueacademia
Academia mirante;Academia;Academia;Tv. Dezesseis, 73-85 - Centro, Soure - PA, 68870-000, Brasil;Aparecida de Goiânia;GO;+5591985159615;;https://www.google.com/maps/search/?api=1&query=Academia%20mirante&query_place_id=ChIJQS5j3py5ppIR4HCUqLR2SQ4;4.5;42;
Luiza Duarte Academia;Sala de fitness;Sala de fitness;R. dos Mundurucus, 2130 - Batista Campos, Belém - PA, 66035-360, Brasil;Aparecida de Goiânia;GO;+559132246682;https://luizaduarteacademia.com.br/;https://www.google.com/maps/search/?api=1&query=Luiza%20Duarte%20Academia&query_place_id=ChIJv3icooeOpJIR-Tu8B4DAj1w;4.7;196;
ACADEMIA TRIBO;Academia;Academia;Tv. Quintino Bocaiúva, 1222 - Reduto, Belém - PA, 66053-240, Brasil;Aparecida de Goiânia;GO;+5591981429880;;https://www.google.com/maps/search/?api=1&query=ACADEMIA%20TRIBO&query_place_id=ChIJ37xfe5qOpJIR9n-fhnstk2c;4.6;37;
Vitale Performance;Centro de treinamento;Centro de treinamento;Av. Paulo VI, 355 - Pituba, Salvador - BA, 41810-001 - Pituba, Salvador - BA, 41810-001, Brasil;Aparecida de Goiânia;GO;+5571982151416;https://instagram.com/vitaleperformnce?igshid=MzRlODBiNWFlZA==;https://www.google.com/maps/search/?api=1&query=Vitale%20Performance&query_place_id=ChIJbxbS66AbFgcRdwV3-1EDm8Q;5;133;https://instagram.com/vitaleperformnce?igshid=mzrlodbinwflza==
Ivan Ribeiro Fit Club;Academia;Academia;R. Paulo VI, 248 - Seabra, BA, 46900-000, Brasil;Aparecida de Goiânia;GO;+5575998154948;;https://www.google.com/maps/search/?api=1&query=Ivan%20Ribeiro%20Fit%20Club&query_place_id=ChIJxUuBjmTXaQcRCB04yNQoUiA;4.8;29;
Hammer Fitness Club;Sala de fitness;Sala de fitness;R. Marquês de Caravelas, 377 - Barra, Salvador - BA, 40140-240, Brasil;Aparecida de Goiânia;GO;+557132642314;http://www.hammeracademia.com/unidades/barra/index.html;https://www.google.com/maps/search/?api=1&query=Hammer%20Fitness%20Club&query_place_id=ChIJLfbBUoIDFgcR1SUyYTh9OZQ;4.4;272;
Alpha Fitness;Academia;Academia;R. Prof. Cassilandro Barbuda, 620 - Costa Azul, Salvador - BA, 41760-110, Brasil;Aparecida de Goiânia;GO;+557132724966;http://www.redealphafitness.com.br/;https://www.google.com/maps/search/?api=1&query=Alpha%20Fitness&query_place_id=ChIJ026cNwsbFgcR2_Cfm7Mx8N8;4.3;369;
Performer Academia;Academia;Academia;Av. Amélia Amado, 713 - cento - Centro, Itabuna - BA, 45600-625, Brasil;Aparecida de Goiânia;GO;+5573988026030;;https://www.google.com/maps/search/?api=1&query=Performer%20Academia&query_place_id=ChIJWz-KjGCqOQcR12lnzlrHyio;4.6;112;
Alpha Fitness - Vila Laura;Academia;Academia;R. Prof. Alfredo Rocha, 138 - Vila Laura, Salvador - BA, 40270-150, Brasil;Aparecida de Goiânia;GO;+557133815542;https://www.redealphafitness.com.br/unidades/vila-laura/index.html;https://www.google.com/maps/search/?api=1&query=Alpha%20Fitness%20-%20Vila%20Laura&query_place_id=ChIJR6ovT9EEFgcRyZL0g2LLMtg;4.3;330;
Confraria do Tatame - Artes Marciais - Pituba;Academia de artes marciais;Academia de artes marciais;Shopping Paulo VI - Av. Paulo VI, 832 - 1º andar, Sala 101 - Pituba, Salvador - BA, 41810-001, Brasil;Aparecida de Goiânia;GO;+5571997284594;https://www.instagram.com/confrariadotatame;https://www.google.com/maps/search/?api=1&query=Confraria%20do%20Tatame%20-%20Artes%20Marciais%20-%20Pituba&query_place_id=ChIJ1R2b9a4bFgcRTE9HYfy4a2k;4.9;31;https://www.instagram.com/confrariadotatame
Academia Shalom Veiga Jardim;Academia;Academia;Av. Sen. Antônio Ramos Caiado, Qd.42 - LT. 1E - Parque Veiga Jardim, Aparecida de Goiânia - GO, 74954-510, Brasil;Aparecida de Goiânia;GO;+5562993797596;https://academia-shalom.my.canva.site/dagkopeapbq;https://www.google.com/maps/search/?api=1&query=Academia%20Shalom%20Veiga%20Jardim&query_place_id=ChIJxwIfAwD7XpMRt-piwYO4Z68;4.5;111;
Soul Fit;Sala de fitness;Sala de fitness;rua h 152, sn - qd10 lt 17 galpao 1 - Mansões Paraíso, Aparecida de Goiânia - GO, 74952-187, Brasil;Aparecida de Goiânia;GO;+5562993841999;;https://www.google.com/maps/search/?api=1&query=Soul%20Fit&query_place_id=ChIJF-4cGSz5XpMRZyL4hoZ_vKQ;4.7;44;
Augusto Restaurante & Petiscaria;Restaurante;Restaurante;R. Barão do Rio Branco, 360 - Centro, Aparecida - SP, 12570-000, Brasil;Aparecida de Goiânia;GO;+551233113991;;https://www.google.com/maps/search/?api=1&query=Augusto%20Restaurante%20%26%20Petiscaria&query_place_id=ChIJk-NiXoLDzJQRZ8Lh9fa9Utw;4.8;2945;
Restaurante Zero Grau;Restaurante;Restaurante;1769, R. Fortaleza, qd 40 - lt 4 - Jardim das Esmeraldas, Aparecida de Goiânia - GO, 74905-060, Brasil;Aparecida de Goiânia;GO;+556232804111;;https://www.google.com/maps/search/?api=1&query=Restaurante%20Zero%20Grau&query_place_id=ChIJV4ggypTwXpMRe80Ds4HSpHo;4.5;1298;
Pallet Restaurante e Pizzaria;Restaurante;Restaurante;R. H, 139 - Conj. Vera Cruz, Aparecida de Goiânia - GO, 74937-380, Brasil;Aparecida de Goiânia;GO;+5562986062307;https://www.palletrestaurante.com.br/;https://www.google.com/maps/search/?api=1&query=Pallet%20Restaurante%20e%20Pizzaria&query_place_id=ChIJFcwURhr5XpMRvEc54uqV0l4;4.5;434;
Recanto do Quinzinho Bar do 9;Restaurante;Restaurante;BR-153, km 09 - Rural, Xambioá - TO, 77880-000, Brasil;Aparecida de Goiânia;GO;+5563992932984;;https://www.google.com/maps/search/?api=1&query=Recanto%20do%20Quinzinho%20Bar%20do%209&query_place_id=ChIJI0jtRyCb25IR0NxxIGiGBjg;4.8;22;
Baroli;Restaurante;Restaurante;Av. José de Brito, 870 - St. Anhanguera, Araguaína - TO, 77818-530, Brasil;Aparecida de Goiânia;GO;+556333212366;;https://www.google.com/maps/search/?api=1&query=Baroli&query_place_id=ChIJnxNmc74N2ZIRFsGHgT6OHEE;4.4;1216;
Lanchonete e Pizzaria Shalon;Restaurante;Restaurante;TO-010, 581, Wanderlândia - TO, 77860-000, Brasil;Aparecida de Goiânia;GO;+5563992390108;;https://www.google.com/maps/search/?api=1&query=Lanchonete%20e%20Pizzaria%20Shalon&query_place_id=ChIJ6SYdz9Mp2pIRsLwIrTKpgbc;4.1;160;
Restaurante do Bem OVG - Minaçu;Restaurante;Restaurante;Av. Araguaia, 1040 - Vila Menezes, Minaçu - GO, 76450-000, Brasil;Aparecida de Goiânia;GO;+5562994889553;;https://www.google.com/maps/search/?api=1&query=Restaurante%20do%20Bem%20OVG%20-%20Mina%C3%A7u&query_place_id=ChIJM-Yt8XqFRpMRUSrGIOAGQ7E;4.8;28;
Atacadão Dia a Dia - SIA;Atacadista;Atacadista;SIA Q 5 C - Zona Industrial, Brasília - DF, 71200-055, Brasil;Aparecida de Goiânia;GO;+556130519384;https://www.atacadaodiaadia.com.br/;https://www.google.com/maps/search/?api=1&query=Atacad%C3%A3o%20Dia%20a%20Dia%20-%20SIA&query_place_id=ChIJd0n97FswWpMRI_KWGth5t2w;4.3;12681;
Churrascaria Texas Alexania;Restaurante;Restaurante;R. Vinte e Quatro, Q67 - L04A, Alexânia - GO, 72920-000, Brasil;Aparecida de Goiânia;GO;+5562992838505;;https://www.google.com/maps/search/?api=1&query=Churrascaria%20Texas%20Alexania&query_place_id=ChIJdZ3uFB3jW5MR2t7DrlnmBrg;4.3;17;
Empório da Chapada;Hamburgueria;Hamburgueria;R. Direita - centro, Cavalcante - GO, 73790-000, Brasil;Aparecida de Goiânia;GO;+5562999486930;;https://www.google.com/maps/search/?api=1&query=Emp%C3%B3rio%20da%20Chapada&query_place_id=ChIJ3fiSeq6KRZMRVj74B3E0wws;4.7;260;
Camping Viveiro;Área de camping;Área de camping;R. 3, s/n - Quadra 7, Lote 6 - Estância Paraíso, Alto Paraíso de Goiás - GO, 73770-000, Brasil;Aparecida de Goiânia;GO;+5561982888455;https://rivass.my.canva.site/videos-viveiro-;https://www.google.com/maps/search/?api=1&query=Camping%20Viveiro&query_place_id=ChIJy2VdNtl-RZMRNA8I4iFWy-o;4.9;232;
Chopperia dos Forgado;Bar;Bar;R. Dr. João Teixeira, 841 - Centro, Luziânia - GO, 72800-440, Brasil;Aparecida de Goiânia;GO;+5561999745817;https://instagram.com/chopperiadosforgado?igshid=OGQ5ZDc2ODk2ZA==;https://www.google.com/maps/search/?api=1&query=Chopperia%20dos%20Forgado&query_place_id=ChIJwaJ2BVSYWZMRH7MLCVTl-A0;4.3;699;https://instagram.com/chopperiadosforgado?igshid=ogq5zdc2odk2za==
Predileto's Burguer;Hamburgueria;Hamburgueria;Zap 47, 9966, Av. Maestro João Luiz do Espírito Santo, 800 - 7330 - Formosinha, Formosa - GO, 73813-120, Brasil;Aparecida de Goiânia;GO;+5561999284484;;https://www.google.com/maps/search/?api=1&query=Predileto's%20Burguer&query_place_id=ChIJw_ePAoaiUJMRYIjkkyAEg34;4.4;239;
Lanchonete Bambuí;Lanchonete;Lanchonete;Av. Eurípedes Ferreira de Assis, Itauçu - GO, 75450-000, Brasil;Aparecida de Goiânia;GO;+556233782269;https://lanchonetebambui.shop/;https://www.google.com/maps/search/?api=1&query=Lanchonete%20Bambu%C3%AD&query_place_id=ChIJswyhzKTEXZMRgkD7RUBRHI4;4.6;7976;
Eldorado Sabores;Padaria;Padaria;Av. Rodovânio Rodovalho, 25 - Eldorado, Anápolis - GO, 75115-400, Brasil;Aparecida de Goiânia;GO;+556233142751;http://www.eldoradosabores.com.br/;https://www.google.com/maps/search/?api=1&query=Eldorado%20Sabores&query_place_id=ChIJSZzabailXpMRLIpdKM0dyA0;4.7;1581;
Cervejaria Santa Dica;Microcervejaria;Microcervejaria;R. Aurora, 31 - Centro, Pirenópolis - GO, 72980-000, Brasil;Aparecida de Goiânia;GO;+5562991255300;https://cervejasantadica.webflow.io/;https://www.google.com/maps/search/?api=1&query=Cervejaria%20Santa%20Dica&query_place_id=ChIJbTFDUA9sXJMRSmrTXW3ujt8;4.6;2291;
Cervejaria e Hamburgueria Stone House;Cervejaria;Cervejaria;R. do Bonfim, 16 - Centro Histórico, Pirenópolis - GO, 72980-000, Brasil;Aparecida de Goiânia;GO;+5561999685760;;https://www.google.com/maps/search/?api=1&query=Cervejaria%20e%20Hamburgueria%20Stone%20House&query_place_id=ChIJAWIjXNptXJMRYhYQy2RzA3Q;4.5;342;
Restaurante Pillares Day Use | Descanso, Lazer, Eventos;Restaurante;Restaurante;Fazenda Lavras do Abade zona rural, Pirenópolis - GO, 72980-000, Brasil;Aparecida de Goiânia;GO;+5562994139128;https://www.cidadepirenopolis.com.br/anuncios_detalhe/restaurante-pillares-day-use;https://www.google.com/maps/search/?api=1&query=Restaurante%20Pillares%20Day%20Use%20%7C%20Descanso%2C%20Lazer%2C%20Eventos&query_place_id=ChIJM8rvJMltXJMRuXgNZJ65ic0;4.5;505;
Clara Lanchonete;Lanchonete;Lanchonete;GO-070, km 70 - Povoado Vilas Boas, Itauçu - GO, 75450-000, Brasil;Aparecida de Goiânia;GO;+5562998830005;;https://www.google.com/maps/search/?api=1&query=Clara%20Lanchonete&query_place_id=ChIJZTaJEArBXZMRfVEunD-wk64;4.1;1021;
Restaurante e Pamonharia Cheiro Verde;Restaurante;Restaurante;R. Antônio Dâmaso da Silva, 31 - centro, Damolândia - GO, 75420-000, Brasil;Aparecida de Goiânia;GO;+5562991532723;;https://www.google.com/maps/search/?api=1&query=Restaurante%20e%20Pamonharia%20Cheiro%20Verde&query_place_id=ChIJ2wjfBrPUXZMR_F9puyeXu1A;4.6;89;
Estalagem Alter Real;Restaurante;Restaurante;R. Bonsucesso, 03 - Pirenópolis, GO, 72980-000, Brasil;Aparecida de Goiânia;GO;+556233311656;http://estalagemalterreal.com/;https://www.google.com/maps/search/?api=1&query=Estalagem%20Alter%20Real&query_place_id=ChIJJxQm36VuXJMRgHRe8XSYS3s;4.5;450;
Atacadão Dia a Dia - Taguatinga;Atacadista;Atacadista;QS 3 Lote 1 - Taguatinga, Brasília - DF, 71953-180, Brasil;Aparecida de Goiânia;GO;+556130519303;https://www.atacadaodiaadia.com.br/;https://www.google.com/maps/search/?api=1&query=Atacad%C3%A3o%20Dia%20a%20Dia%20-%20Taguatinga&query_place_id=ChIJkwk_ln0yWpMRRLajku30brQ;4.2;11620;
Atacadão Dia a Dia - Sobradinho;Atacadista;Atacadista;Área Especial para Indústria 10 - BR-020 - Sobradinho, Brasília - DF, 70297-400, Brasil;Aparecida de Goiânia;GO;+556130519324;https://www.atacadaodiaadia.com.br/;https://www.google.com/maps/search/?api=1&query=Atacad%C3%A3o%20Dia%20a%20Dia%20-%20Sobradinho&query_place_id=ChIJTTVT5uw_WpMR1ca1t4G6wz4;4.2;1577;
MD__BURGUER;Hamburgueria;Hamburgueria;R. Pedro Jose Moreira, Itaguari - GO, 76650-000, Brasil;Aparecida de Goiânia;GO;+5562991712324;https://bit.ly/3a6h5mR;https://www.google.com/maps/search/?api=1&query=MD__BURGUER&query_place_id=ChIJi7YaNjW7XZMR7V_veCaA4o4;4.6;19;
Atacadão Dia a Dia - Águas Claras;Atacadista;Atacadista;Av. das Castanheiras, S/N Lotes 200 e 280 Loja 01 - Águas Claras, Brasília - DF, 71900-100, Brasil;Aparecida de Goiânia;GO;+556130386230;https://www.atacadaodiaadia.com.br/;https://www.google.com/maps/search/?api=1&query=Atacad%C3%A3o%20Dia%20a%20Dia%20-%20%C3%81guas%20Claras&query_place_id=ChIJAUk-oeYzWpMRP-3bubBnpZs;4.3;3186;
Cabana libanesa;Restaurante;Restaurante;DF-290, km 2 - Gama, Brasília - DF, 73340-000, Brasil;Aparecida de Goiânia;GO;+5561985122968;;https://www.google.com/maps/search/?api=1&query=Cabana%20libanesa&query_place_id=ChIJr5M9pw3ZW5MRZYgHGa2kVWc;3;2;
Atacadão Dia a Dia - Vicente Pires (Rua 12);Atacadista;Atacadista;Rua 12, St. Hab. Vicente Pires Conjunto A, Brasília - DF, 72007-755, Brasil;Aparecida de Goiânia;GO;+556130387875;http://atacadaodiaadia.com.br/;https://www.google.com/maps/search/?api=1&query=Atacad%C3%A3o%20Dia%20a%20Dia%20-%20Vicente%20Pires%20(Rua%2012)&query_place_id=ChIJDbUKQMQzWpMRJbkCWOfDw4k;4;300;
Seu Pastel;Pastelaria brasileira;Pastelaria brasileira;Av. Profa. Zenaide de Calle Roriz, número 777 - sala 4 - Jundiaí, Anápolis - GO, 75110-790, Brasil;Aparecida de Goiânia;GO;+5562991445366;https://instagram.com/seupastelanapolis?igshid=1j3pqogknczdj;https://www.google.com/maps/search/?api=1&query=Seu%20Pastel&query_place_id=ChIJLVIMKIukXpMRErjrRirjQb4;4.5;544;https://instagram.com/seupastelanapolis?igshid=1j3pqogknczdj
Bravo's Academia Unidade Brasicon;Academia;Academia;R. 5 - Res. Brasicon, Aparecida de Goiânia - GO, 74975-388, Brasil;Aparecida de Goiânia;GO;+5562991558675;https://www.instagram.com/bravos_academia_?igsh=aGNqajBuZnc3Y3lp;https://www.google.com/maps/search/?api=1&query=Bravo's%20Academia%20Unidade%20Brasicon&query_place_id=ChIJyQ8myon9XpMRo0yHY6xrzBA;4.8;113;https://www.instagram.com/bravos_academia_?igsh=agnqajbuznc3y3lp
Churrascaria kabanas grill;Churrascaria;Churrascaria;Zap (47) 9966, Av. Independência, 7330 - Qd14 - Jardim Monte Cristo, Aparecida de Goiânia - GO, 74968-350, Brasil;Aparecida de Goiânia;GO;+5562981635777;;https://www.google.com/maps/search/?api=1&query=Churrascaria%20kabanas%20grill&query_place_id=ChIJ7bOy3vr7XpMRIoSiRC3XKX8;4.3;936;
Pakerê Pizzaria - Setor Garavelo;Pizzaria;Pizzaria;R. 9-A, Quadra 10, Lote 03 s/n - St. Garavelo, Aparecida de Goiânia - GO, 74932-260, Brasil;Aparecida de Goiânia;GO;+556232883685;https://pakere1996.menudino.com/lojas/pakere1996;https://www.google.com/maps/search/?api=1&query=Paker%C3%AA%20Pizzaria%20-%20Setor%20Garavelo&query_place_id=ChIJZxQuwpr3XpMRjQVO35tv3T0;4.6;3626;
Churrascaria Silvestre;Churrascaria;Churrascaria;R. José Cândido Queirós, s/n - Q14 Lt4 - Centro, Aparecida de Goiânia - GO, 74980-070, Brasil;Aparecida de Goiânia;GO;+556232831307;;https://www.google.com/maps/search/?api=1&query=Churrascaria%20Silvestre&query_place_id=ChIJHXaZ3oH7XpMR2xu9shdJcUY;4;252;
CTG Nova Querência;Restaurante;Restaurante;Av. Brg. Eduardo Gomes, 4008 - Aeroporto, Boa Vista - RR, 69304-015, Brasil;Aparecida de Goiânia;GO;+5595981146437;https://g1.globo.com/rr/roraima/noticia/ctg-nova-querencia-realiza-30-edicao-da-semana-farroupilha-em-rr.ghtml;https://www.google.com/maps/search/?api=1&query=CTG%20Nova%20Quer%C3%AAncia&query_place_id=ChIJIyzA06kIk40Rqs0M30bR6SI;4.6;478;
Bão Café - Cafeteria e Restaurante Boa Vista;Restaurante;Restaurante;R. Cap. Bessa, 107 - São Pedro, Boa Vista - RR, 69306-620, Brasil;Aparecida de Goiânia;GO;+5595981244188;http://baocafe.com.br/;https://www.google.com/maps/search/?api=1&query=B%C3%A3o%20Caf%C3%A9%20-%20Cafeteria%20e%20Restaurante%20Boa%20Vista&query_place_id=ChIJq_2M9r8Hk40RWKHK4dP8mvs;4.6;460;
Restaurante Casa Do Sabor;Restaurante;Restaurante;R. 11 - Jardim Monte Cristo, Aparecida de Goiânia - GO, 74968-300, Brasil;Aparecida de Goiânia;GO;+5562997024365;;https://www.google.com/maps/search/?api=1&query=Restaurante%20Casa%20Do%20Sabor&query_place_id=ChIJkc73zvz7XpMR49wLwdw8qy4;4.6;25;
Sabores da Sopa;Restaurante de sopas;Restaurante de sopas;R. Pedro Rodrigues, 1613 - Mecejana, Boa Vista - RR, 69304-040, Brasil;Aparecida de Goiânia;GO;+5595991245119;https://pigz.com.br/saboresdasopa;https://www.google.com/maps/search/?api=1&query=Sabores%20da%20Sopa&query_place_id=ChIJMRent2EPk40RxB-SML6N3lk;4.6;1310;
Restaurante Hora Magica;Restaurante;Restaurante;Zap (47) 9966, Rua Pirineus Q3, L9, S/n - 7330 - Res. Village Garavelo, Aparecida de Goiânia - GO, 74968-539, Brasil;Aparecida de Goiânia;GO;+5562985000909;;https://www.google.com/maps/search/?api=1&query=Restaurante%20Hora%20Magica&query_place_id=ChIJA9UwjIP7XpMRZmZ7mIDTZo8;4.3;197;
Pesque e Pague Pantanal;Restaurante;Restaurante;Estr. do Limoeiro, s/n - Km 5 - Limoeiro, Londrina - PR, 86000-001, Brasil;Aparecida de Goiânia;GO;+554330521737;;https://www.google.com/maps/search/?api=1&query=Pesque%20e%20Pague%20Pantanal&query_place_id=ChIJv5hRHZpB65QRNhIXqJm32UM;4.1;1030;
Viafit Academia;Academia;Academia;Av. Leão Sampaio, 1256 - Lagoa Seca, Juazeiro do Norte - CE, 63040-000, Brasil;Aparecida de Goiânia;GO;+5588996885130;https://viafitacademia.com.br/;https://www.google.com/maps/search/?api=1&query=Viafit%20Academia&query_place_id=ChIJ8Uqk-26DoQcRi8ihk4dT2MQ;4.9;206;
Skina Bistrô;Restaurante;Restaurante;R. Ten. Francisco Paiva, 604 - Granja Lisboa, Fortaleza - CE, 60540-468, Brasil;Aparecida de Goiânia;GO;+5585986348055;https://www.instagram.com/skina_bistro?igsh=MTRsMHphdGsyMm13ag==;https://www.google.com/maps/search/?api=1&query=Skina%20Bistr%C3%B4&query_place_id=ChIJLxJ0iPdMxwcRnqxtxpMqaeI;4.4;41;https://www.instagram.com/skina_bistro?igsh=mtrsmhphdgsymm13ag==
Madero Steak House RioMar Fortaleza;Restaurante;Restaurante;R. Des. Lauro Nogueira, 1500 - Papicu, Fortaleza - CE, 60175-055, Brasil;Aparecida de Goiânia;GO;+558531116033;http://www.restaurantemadero.com.br/;https://www.google.com/maps/search/?api=1&query=Madero%20Steak%20House%20RioMar%20Fortaleza&query_place_id=ChIJ_XaLZUhHxwcRS_nyx73NBCc;4.5;2712;
Churrascaria Palhana;Churrascaria;Churrascaria;Av. Castro Alves, 1660 - Somenzari, Marília - SP, 17506-000, Brasil;Aparecida de Goiânia;GO;+551434341900;http://www.churrascariapalhana.com.br/;https://www.google.com/maps/search/?api=1&query=Churrascaria%20Palhana&query_place_id=ChIJ48jLYKLXv5QRWnlLfAyLy1g;4.6;1270;
Restaurante Pantanal;Restaurante;Restaurante;Av. Europa, 390 - Piza, Londrina - PR, 86041-000, Brasil;Aparecida de Goiânia;GO;+554333416890;;https://www.google.com/maps/search/?api=1&query=Restaurante%20Pantanal&query_place_id=ChIJiQv4AfxC65QRIk5sC7j9Mmg;4;839;
ER Manancial;Restaurante;Restaurante;R. Geraldo de Oliveira Berriel, 71 - Nucleo Hab. Costa e Silva, Marília - SP, 17524-240, Brasil;Aparecida de Goiânia;GO;+551434173806;https://ermanancialmarmitaria.saipos.com/;https://www.google.com/maps/search/?api=1&query=ER%20Manancial&query_place_id=ChIJzTGA3AXav5QRVwzEvSE2S7k;4.6;219;
Pizzaria Don Carloni;Pizzaria;Pizzaria;Av. Arapongas, 1459 - Centro, Arapongas - PR, 86700-140, Brasil;Aparecida de Goiânia;GO;+554330564550;https://www.pizzariadoncarloni.com.br/;https://www.google.com/maps/search/?api=1&query=Pizzaria%20Don%20Carloni&query_place_id=ChIJIamKuu-j7JQR67iGhLbk1c8;4.3;2142;
Restaurante Sabor Mineiro;Restaurante Mineiro;Restaurante Mineiro;R. Monte Carmelo, 534-564 - Cardoso, Aparecida de Goiânia - GO, 74933-130, Brasil;Aparecida de Goiânia;GO;+5562991506900;;https://www.google.com/maps/search/?api=1&query=Restaurante%20Sabor%20Mineiro&query_place_id=ChIJ2bW4Rm_3XpMRne34ilopS2Q;4.6;91;
Restaurante Avenida;Restaurante;Restaurante;Zap (47, Av. Independência, 9966 - 7330 - Jardim Ipiranga, Aparecida de Goiânia - GO, 74968-150, Brasil;Aparecida de Goiânia;GO;+556235842213;;https://www.google.com/maps/search/?api=1&query=Restaurante%20Avenida&query_place_id=ChIJL-14LoH7XpMR2q1KBUFrX_4;4.3;97;
Dalle Pizza - Rio Bonito;Pizzaria;Pizzaria;R. Marcos Bertoldi, 458 - Campo de Santana, Curitiba - PR, 81490-530, Brasil;Aparecida de Goiânia;GO;+554132246008;https://www.dallepizza.com.br/;https://www.google.com/maps/search/?api=1&query=Dalle%20Pizza%20-%20Rio%20Bonito&query_place_id=ChIJu9FYatn93JQRkiwjPvtoz_U;4.7;1275;
Restaurante e Pizzaria Churrascão;Restaurante brasileiro;Restaurante brasileiro;Av. Lago das Garcas, Q25 - L45 - Jardim Tropical, Aparecida de Goiânia - GO, 74946-505, Brasil;Aparecida de Goiânia;GO;+556235889989;https://m.facebook.com/restaurantechurrascaogyn/;https://www.google.com/maps/search/?api=1&query=Restaurante%20e%20Pizzaria%20Churrasc%C3%A3o&query_place_id=ChIJ-wKooPb3XpMROfAbU91QOCw;4.5;284;
Quallity Fitness;Academia;Academia;R. Miosótis, 2-80 - Expansul, Aparecida de Goiânia - GO, 74986-520, Brasil;Aparecida de Goiânia;GO;+556232802438;;https://www.google.com/maps/search/?api=1&query=Quallity%20Fitness&query_place_id=ChIJVc4zqXv7XpMRYKCDDzSGiQg;4.5;95;
Academia Power Gym;Academia;Academia;R. Nossa Sra. da Penha, quadra 78 - lote 02 - alto paraíso, Aparecida de Goiânia - GO, 74948-150, Brasil;Aparecida de Goiânia;GO;+556235841593;https://academiapowergyn.sitesca.com/matricular;https://www.google.com/maps/search/?api=1&query=Academia%20Power%20Gym&query_place_id=ChIJi01vaUDzXpMRItSUyyAaQ1E;4.8;41;
Costela Gaúcha – Restaurante por Quilo em Aparecida de Goiânia;Restaurante;Restaurante;Rua 44, Qd 38 Lt 10 - Jardim Bela Vista, Aparecida de Goiânia - GO, 74912-160, Brasil;Aparecida de Goiânia;GO;+556235324123;https://www.instagram.com/restaurantecostelagaucha/;https://www.google.com/maps/search/?api=1&query=Costela%20Ga%C3%BAcha%20%E2%80%93%20Restaurante%20por%20Quilo%20em%20Aparecida%20de%20Goi%C3%A2nia&query_place_id=ChIJZUWv6HnwXpMR4Eu-2f9M3Ig;4.4;842;https://www.instagram.com/restaurantecostelagaucha/
Fazendinha Comida Caseira;Restaurante;Restaurante;-373, Av. João Batista Veiga, 307 - Parque Industrial Santo Antonio, Aparecida de Goiânia - GO, 74983-300, Brasil;Aparecida de Goiânia;GO;+556235187880;;https://www.google.com/maps/search/?api=1&query=Fazendinha%20Comida%20Caseira&query_place_id=ChIJLXeMJMn7XpMR-w6QrUtQ8D8;4.6;860;
Sabor na Brasa♨️;Churrascaria;Churrascaria;Av. Brasil - Jardim Belo Horizonte, Aparecida de Goiânia - GO, 74976-020, Brasil;Aparecida de Goiânia;GO;+5562984594497;;https://www.google.com/maps/search/?api=1&query=Sabor%20na%20Brasa%E2%99%A8%EF%B8%8F&query_place_id=ChIJB6wcvvT9XpMRp9__UtWtcL4;5;3;
Restaurante e Lanchonete Rio Claro;Restaurante;Restaurante;esquina com - avenida brigadeiro faria lima, R. 19 - Aparecida do Rio Claro, Montes Claros de Goiás - GO, 76255-000, Brasil;Aparecida de Goiânia;GO;+5562999384112;;https://www.google.com/maps/search/?api=1&query=Restaurante%20e%20Lanchonete%20Rio%20Claro&query_place_id=ChIJXaFHp5zZZZMRIvByGcPqfhI;4.6;512;
Café Jasmim - Empório e Bistrô;Restaurante;Restaurante;R. Luis do Couto, 1 - central, Goiás - GO, 76600-000, Brasil;Aparecida de Goiânia;GO;+5562999001200;https://instagram.com/cafejasmim?utm_medium=copy_link;https://www.google.com/maps/search/?api=1&query=Caf%C3%A9%20Jasmim%20-%20Emp%C3%B3rio%20e%20Bistr%C3%B4&query_place_id=ChIJezgAL3V5Z5MR2eDPr3IP4NE;4.5;470;https://instagram.com/cafejasmim?utm_medium=copy_link
Restaurante Flor de Ipê;Restaurante self-service;Restaurante self-service;R. da Boa Vista, 32 - Centro, Goiás - GO, 76600-000, Brasil;Aparecida de Goiânia;GO;+556233721133;http://www.restauranteflordeipe.com.br/;https://www.google.com/maps/search/?api=1&query=Restaurante%20Flor%20de%20Ip%C3%AA&query_place_id=ChIJwTAfKwp5Z5MRlyY7fAZKWJE;4.4;883;
Castelo do Geneci, Beira Rio;Restaurante familiar;Restaurante familiar;R. Beira Rio - Itapirapuã, GO, 76290-000, Brasil;Aparecida de Goiânia;GO;+5562986343723;;https://www.google.com/maps/search/?api=1&query=Castelo%20do%20Geneci%2C%20Beira%20Rio&query_place_id=ChIJt2L6ywmtZ5MRhvk4xnATpEk;4.4;25;
Praça do Coreto;Sorveteria;Sorveteria;R. Moretti Foggia, 180 - Centro, Goiás - GO, 76600-000, Brasil;Aparecida de Goiânia;GO;+5562991411188;;https://www.google.com/maps/search/?api=1&query=Pra%C3%A7a%20do%20Coreto&query_place_id=ChIJ15YE0Ap5Z5MRtBXGZqZs4wg;4.7;3994;
Palácio Conde dos Arcos;Museu;Museu;Praça Tasso Camargo, 1 - Centro, Goiás - GO, 76600-000, Brasil;Aparecida de Goiânia;GO;+556233711200;https://www.cultura.go.gov.br/centros-culturais/todas-as-unidades/2262-palacio-conde-dos-arcos.html;https://www.google.com/maps/search/?api=1&query=Pal%C3%A1cio%20Conde%20dos%20Arcos&query_place_id=ChIJXxstzQp5Z5MRO1fjK8Za3Dk;4.8;648;
Museu Casa de Cora Coralina;Museu;Museu;R. Dom Cândido, 20 - Centro, Goiás - GO, 76600-000, Brasil;Aparecida de Goiânia;GO;+556233711990;http://www.museucoracoralina.com.br/;https://www.google.com/maps/search/?api=1&query=Museu%20Casa%20de%20Cora%20Coralina&query_place_id=ChIJ00Vj9gp5Z5MRT-J67f7FlwQ;4.6;3340;
Cachoeira das Lajes;Área de camping;Área de camping;Rodovia GO-070, Km 43, s/n - Zona Rural, Inhumas - GO, 75400-000, Brasil;Aparecida de Goiânia;GO;+556235112612;;https://www.google.com/maps/search/?api=1&query=Cachoeira%20das%20Lajes&query_place_id=ChIJH4yWnTdjXpMR2gwRK7AmlrI;4.1;941;
Academia Arti Fitness;Academia;Academia;Rua José de Arimatéia e Silva, 968, R. José de Arimatéia e Silva, 484 - Quadra 140, Lote 1, Inhumas - GO, 75400-000, Brasil;Aparecida de Goiânia;GO;+556235142604;;https://www.google.com/maps/search/?api=1&query=Academia%20Arti%20Fitness&query_place_id=ChIJOwdp4W94XpMRDVtV3c-DxfA;4.7;118;
Freddy Fitness Academia;Academia;Academia;R. Domingos Faquim, 489 - Centro, Nova Veneza - GO, 75470-000, Brasil;Aparecida de Goiânia;GO;+5562984907993;https://instagram.com/freddyfitnessacademia?igshid=MzNlNGNkZWQ4Mg==;https://www.google.com/maps/search/?api=1&query=Freddy%20Fitness%20Academia&query_place_id=ChIJOV_Puu6BXpMRcSrzomZ3STM;4.9;17;https://instagram.com/freddyfitnessacademia?igshid=mznlngnkzwq4mg==
ACADEMIA MALHEBEM - Musculação;Academia;Academia;R. Aruanã, 8 - Jardim Bela Vista, Aparecida de Goiânia - GO, 74912-260, Brasil;Aparecida de Goiânia;GO;+5562984222852;https://www.instagram.com/malhebemacademia/;https://www.google.com/maps/search/?api=1&query=ACADEMIA%20MALHEBEM%20-%20Muscula%C3%A7%C3%A3o&query_place_id=ChIJO2Df2XvwXpMRkVj2vRqPMC8;4.7;171;https://www.instagram.com/malhebemacademia/
Sabor baiano restaurante;Restaurante;Restaurante;R. Tangará, qd 04 - LT 12 - Jardim Rio Grande, Aparecida de Goiânia - GO, 74982-560, Brasil;Aparecida de Goiânia;GO;+5562984799660;;https://www.google.com/maps/search/?api=1&query=Sabor%20baiano%20restaurante&query_place_id=ChIJv7J3VKX7XpMRD4Xp9txQf18;4.7;37;
Academia PH Fitness;Academia;Academia;Av. Bernardo Sayão, n. 420 - Vila Jaiara St. Norte, Anápolis - GO, 75064-010, Brasil;Aparecida de Goiânia;GO;+5562991235474;http://www.academiaphfitness.com.br/;https://www.google.com/maps/search/?api=1&query=Academia%20PH%20Fitness&query_place_id=ChIJydjVhU-hXpMRtaQPKaDRjXU;4.6;149;
Academia Corpo e Movimento - Gympass e Totalpass;Academia;Academia;Av. Pedro Ludovico, 637 - Centro, Anápolis - GO, 75023-150, Brasil;Aparecida de Goiânia;GO;+5562992922733;http://www.academiacorpoemovimento.com/;https://www.google.com/maps/search/?api=1&query=Academia%20Corpo%20e%20Movimento%20-%20Gympass%20e%20Totalpass&query_place_id=ChIJh381TYCjXpMRbUqhU4nxDlo;4.4;203;
Estação Family - Academia em Águas Lindas de Goiás - GO;Academia;Academia;Conjunto A - Lote 53/55 - Setor 01, Águas Lindas de Goiás - GO, 72911-199, Brasil;Aparecida de Goiânia;GO;+556136002003;http://estacaofamily.com.br/;https://www.google.com/maps/search/?api=1&query=Esta%C3%A7%C3%A3o%20Family%20-%20Academia%20em%20%C3%81guas%20Lindas%20de%20Goi%C3%A1s%20-%20GO&query_place_id=ChIJsYuWoT-5W5MRjO9gTherWuA;4.3;344;
Art & Postura Studio de Pilates e Centro Clínico Especializado;Clínica de Fisioterapia;Clínica de Fisioterapia;Rua 19 Sul Esq, Av. Mato Grosso, Setor - Universitário, Goianésia - GO, 76382-036, Brasil;Aparecida de Goiânia;GO;+5562985772756;;https://www.google.com/maps/search/?api=1&query=Art%20%26%20Postura%20Studio%20de%20Pilates%20e%20Centro%20Cl%C3%ADnico%20Especializado&query_place_id=ChIJp5gsrfPBXJMR-Xz7A_0eOsI;5;4;
Academia Star | Formação de Vigilantes - Taguatinga;Academia;Academia;St. G Sul CSG 7 Lote 6 - Taguatinga, Brasília - DF, 72035-507, Brasil;Aparecida de Goiânia;GO;+556133564180;;https://www.google.com/maps/search/?api=1&query=Academia%20Star%20%7C%20Forma%C3%A7%C3%A3o%20de%20Vigilantes%20-%20Taguatinga&query_place_id=ChIJzVs_opktWpMRRXmObQHGHPw;3.9;365;
Themis Academia de Formação De Vigilantes;Escola técnica;Escola técnica;Av. Jk, 16 - Quadra 12 Lote Sala 1B - Jardim Brasília, Águas Lindas de Goiás - GO, 72915-138, Brasil;Aparecida de Goiânia;GO;+556136134173;;https://www.google.com/maps/search/?api=1&query=Themis%20Academia%20de%20Forma%C3%A7%C3%A3o%20De%20Vigilantes&query_place_id=ChIJe_RXQfe4W5MRpfIVpGjklOk;4.9;78;
Academia Atlas Formação de Vigilantes;Escola vocacional;Escola vocacional;Setor Comercial Sul Quadra 04 Bloco A Ed. Embaixador Lojas 7 a 9 - Asa Sul, Brasília - DF, 70300-907, Brasil;Aparecida de Goiânia;GO;+556133236654;http://www.atlasvigilante.com.br/;https://www.google.com/maps/search/?api=1&query=Academia%20Atlas%20Forma%C3%A7%C3%A3o%20de%20Vigilantes&query_place_id=ChIJU1VVzeA6WpMRaMyE21T9ceE;4.7;232;
Point da Pesca Hotel Fazenda;Lago de pesca;Lago de pesca;BR-060, KM 9 s/n - Zona Rural, Santo Antônio do Descoberto - GO, 72900-000, Brasil;Aparecida de Goiânia;GO;+556132481899;http://www.hotelfazendapointdapesca.com.br/;https://www.google.com/maps/search/?api=1&query=Point%20da%20Pesca%20Hotel%20Fazenda&query_place_id=ChIJDVDx-rxjWZMRcrG_freTF4g;4.1;1013;
Cachoeira Usina Velha;Atração turística;Atração turística;Pirenópolis, GO, 72980-000, Brasil;Aparecida de Goiânia;GO;+5562984034533;;https://www.google.com/maps/search/?api=1&query=Cachoeira%20Usina%20Velha&query_place_id=ChIJp3jT9y1sXJMRDWrWcSocjBQ;4.5;3178;
Academia Thor Fitness - Unidade Garavelo;Academia;Academia;Avenida Tropical - Jardim Tropical Jardim - Tropcial, Aparecida de Goiânia - GO, 74946-050, Brasil;Aparecida de Goiânia;GO;+5562995729579;;https://www.google.com/maps/search/?api=1&query=Academia%20Thor%20Fitness%20-%20Unidade%20Garavelo&query_place_id=ChIJEwiaJXT1XpMR2eZ2ZRu36hk;4.4;78;
Graal Antares;Restaurante self-service;Restaurante self-service;BR-050, S/N - Parque Hilea, Uberaba - MG, 38051-050, Brasil;Aparecida de Goiânia;GO;+553433269800;https://www.redegraal.com.br/unidade_graal/graal-antares/;https://www.google.com/maps/search/?api=1&query=Graal%20Antares&query_place_id=ChIJv_-x0uXQupQRZ6qgg_VM6-U;3.9;20156;
Toca do Pão de Queijo;Lanchonete;Lanchonete;Av. Afonso Pena, 1924 - Nossa Sra. Aparecida, Uberlândia - MG, 38400-708, Brasil;Aparecida de Goiânia;GO;+553432273880;;https://www.google.com/maps/search/?api=1&query=Toca%20do%20P%C3%A3o%20de%20Queijo&query_place_id=ChIJk2z8DLBFpJQRuDjxgXYmtAE;4.7;385;
Coxinha da Marciria - A Melhor Coxinha do Brasil;Lanchonete;Lanchonete;Av. das Palmeiras - centro, São Miguel do Passa Quatro - GO, 75185-000, Brasil;Aparecida de Goiânia;GO;+5562996684820;;https://www.google.com/maps/search/?api=1&query=Coxinha%20da%20Marciria%20-%20A%20Melhor%20Coxinha%20do%20Brasil&query_place_id=ChIJo1jGHnLKWJMRvHxkAmk2AE8;4.6;835;
Churrascaria Potencia do Sul;Churrascaria;Churrascaria;Av. Rondon Pacheco, 4845 - Nossa Sra. Aparecida, Uberlândia - MG, 38400-766, Brasil;Aparecida de Goiânia;GO;+553432161387;https://www.instagram.com/churrascariapotenciadosul.udia?igsh=MWxobDNzMGd4MmN6OQ==;https://www.google.com/maps/search/?api=1&query=Churrascaria%20Potencia%20do%20Sul&query_place_id=ChIJNUDfXFpFpJQRQdy9kTnzei4;4.6;3939;https://www.instagram.com/churrascariapotenciadosul.udia?igsh=mwxobdnzmgd4mmn6oq==
Minas Tchê;Pizzaria;Pizzaria;Av. Cesário Alvim, 2385 - Nossa Sra. Aparecida, Uberlândia - MG, 38400-694, Brasil;Aparecida de Goiânia;GO;+553432321068;http://www.pizzariaminastche.com.br/;https://www.google.com/maps/search/?api=1&query=Minas%20Tch%C3%AA&query_place_id=ChIJHZ19NrtFpJQRDyiwf3YesMA;4.7;9418;
Restaurante Sabor do Cerrado;Restaurante;Restaurante;R. Dr. Ciro Palmerston, Qd.25 - Lt.10, n° 117 - Centro, Caldas Novas - GO, 75680-047, Brasil;Aparecida de Goiânia;GO;+5564992319813;https://www.instagram.com/sabordocerradocn?igsh=dHNhbDc1NnVnbzJx;https://www.google.com/maps/search/?api=1&query=Restaurante%20Sabor%20do%20Cerrado&query_place_id=ChIJ4w2JbBg3p5QRq7tqBtSERPI;4.4;167;https://www.instagram.com/sabordocerradocn?igsh=dhnhbdc1nnvnbzjx
Posto e Restaurante Eldorado;Restaurante;Restaurante;BR 050 KM 250 RODOVIA, GO, 75700-000, Brasil;Aparecida de Goiânia;GO;+5562993803904;;https://www.google.com/maps/search/?api=1&query=Posto%20e%20Restaurante%20Eldorado&query_place_id=ChIJIXk1RDhHppQRRLQtT-uXCDI;4.1;1649;
Trilhas da Amazônia;Sorveteria;Sorveteria;Av. Floriano Peixoto, 1993 - Loja 03 - Nossa Sra. Aparecida, Uberlândia - MG, 38400-700, Brasil;Aparecida de Goiânia;GO;+553430166080;;https://www.google.com/maps/search/?api=1&query=Trilhas%20da%20Amaz%C3%B4nia&query_place_id=ChIJ9-EiFlBFpJQR6Iq0uIKZuHI;4.5;90;
Hamburgueria Sabor do Sul - Pit Stop Lanches;Hamburgueria;Hamburgueria;Av. Cel. Bento de Godoy - Centro, Caldas Novas - GO, 75680-021, Brasil;Aparecida de Goiânia;GO;+5564992625555;https://beacons.ai/hamburgueriasabordosul;https://www.google.com/maps/search/?api=1&query=Hamburgueria%20Sabor%20do%20Sul%20-%20Pit%20Stop%20Lanches&query_place_id=ChIJvSrkLLM2p5QRy-gTei7wxUQ;4.4;172;
Pizzaria Sabatini;Pizzaria;Pizzaria;R. Cap. João Crisóstomo, 195 - Qd 10 - Centro, Caldas Novas - GO, 75690-000, Brasil;Aparecida de Goiânia;GO;+5564992178459;;https://www.google.com/maps/search/?api=1&query=Pizzaria%20Sabatini&query_place_id=ChIJRde8UbE2p5QRUGnuMiTCXY8;4;2119;
Graal Castelo;Restaurante self-service;Restaurante self-service;Rod. Anhangüera, km 150 - sn, Limeira - SP, 13486-199, Brasil;Aparecida de Goiânia;GO;+551934415077;http://www.redegraal.com.br/;https://www.google.com/maps/search/?api=1&query=Graal%20Castelo&query_place_id=ChIJexMn6Rl-yJQRlk5mzBU7_D4;4.1;34724;
O Pampeiro Churrascaria;Churrascaria;Churrascaria;Rod. Pres. Dutra, km 52 - Jardim Novo Horizonte, Lorena - SP, 12605-715, Brasil;Aparecida de Goiânia;GO;+5512981819581;;https://www.google.com/maps/search/?api=1&query=O%20Pampeiro%20Churrascaria&query_place_id=ChIJJWhZxx7JzJQRs2nZ9PuZMgY;4.5;3302;
Rancho da Pamonha Santa Isabel;Lanchonete;Lanchonete;Rod. Pres. Dutra, Km 189 - Cachoeira, Santa Isabel - SP, 07500-000, Brasil;Aparecida de Goiânia;GO;+551146562849;;https://www.google.com/maps/search/?api=1&query=Rancho%20da%20Pamonha%20Santa%20Isabel&query_place_id=ChIJCQmNvAuAzpQRbahN36JF22g;4.5;14205;
Varanda Bar Espetaria;Restaurante;Restaurante;R. Serra de Japi, 997 - Tatuapé, São Paulo - SP, 03309-000, Brasil;Aparecida de Goiânia;GO;+551126398962;http://www.varandabarespetaria.com.br/;https://www.google.com/maps/search/?api=1&query=Varanda%20Bar%20Espetaria&query_place_id=ChIJu5R065NezpQR4r3c5OR_nnw;4.4;3285;
Madame Café Music Bar;Bar;Bar;Av. Getúlio Vargas, 879, Aparecida - SP, 12570-000, Brasil;Aparecida de Goiânia;GO;+5512982383660;https://www.instagram.com/madamecafebar?igsh=MXFlaDBpYXhub2g0eg==;https://www.google.com/maps/search/?api=1&query=Madame%20Caf%C3%A9%20Music%20Bar&query_place_id=ChIJVdqn23fDzJQRCSUHIpK1zXs;4.7;228;https://www.instagram.com/madamecafebar?igsh=mxfladbpyxhub2g0eg==
Restaurante Vovó Chiquinha;Restaurante;Restaurante;Estr. Mun. do Taquaral - Pedrinhas, Guaratinguetá - SP, 12508-030, Brasil;Aparecida de Goiânia;GO;+551230423832;https://www.instagram.com/vovochiquinha_?igsh=MWRkbDIzNGJ0enMzeA==;https://www.google.com/maps/search/?api=1&query=Restaurante%20Vov%C3%B3%20Chiquinha&query_place_id=ChIJkyXsv8OUzJQRHpOOlynWxpc;4.5;334;https://www.instagram.com/vovochiquinha_?igsh=mwrkbdizngj0enmzea==
Texas Restaurante;Restaurante;Restaurante;Av. Baronesa de Muritiba, 268 - Parque Sao Rafael, São Paulo - SP, 08311-080, Brasil;Aparecida de Goiânia;GO;+5511963550024;;https://www.google.com/maps/search/?api=1&query=Texas%20Restaurante&query_place_id=ChIJ-1SRMfNozpQRcIlNZv9Tg3I;4.5;2244;
Chopp Time - Choperia e Restaurante;Restaurante;Restaurante;R. Dr. Hortêncio Mendonça Ribeiro, 414 - Alto da Boa Vista, Ribeirão Preto - SP, 14025-590, Brasil;Aparecida de Goiânia;GO;+551639117898;http://www.chopptime.com.br/;https://www.google.com/maps/search/?api=1&query=Chopp%20Time%20-%20Choperia%20e%20Restaurante&query_place_id=ChIJEa5l7cS-uZQRrb9laGPljo8;4.4;1666;
Restaurante Dona Dita;Restaurante por quilo;Restaurante por quilo;Praça Cônego Siqueira, 46 - Centro, Cunha - SP, 12530-000, Brasil;Aparecida de Goiânia;GO;+5512991028906;https://www.instagram.com/restaurantedonaditacunha;https://www.google.com/maps/search/?api=1&query=Restaurante%20Dona%20Dita&query_place_id=ChIJtwP7z-N8nQARZJ5I1paIhy4;4.7;922;https://www.instagram.com/restaurantedonaditacunha
Grill Picanha na Tábua;Churrascaria;Churrascaria;R. Pórcia Clementina, 86 - Campo do Galvão, Guaratinguetá - SP, 12505-030, Brasil;Aparecida de Goiânia;GO;+551231321819;;https://www.google.com/maps/search/?api=1&query=Grill%20Picanha%20na%20T%C3%A1bua&query_place_id=ChIJU6gRslnEzJQRYybX2_4Zh2g;4.6;1237;
Bistrô Calixto Café;Bistrô;Bistrô;Av. Bartholomeu de Gusmão, 15 - Boqueirão, Santos - SP, 11045-400, Brasil;Aparecida de Goiânia;GO;+551333942410;http://www.bistrocalixto.com.br/;https://www.google.com/maps/search/?api=1&query=Bistr%C3%B4%20Calixto%20Caf%C3%A9&query_place_id=ChIJ_RPA21QCzpQRfCuX0SQJPfA;4.5;2101;
Underground Hamburgers;Hamburgueria;Hamburgueria;Rua Eça de Queiroz, 121 - Paraíso, São Paulo - SP, 04104-001, Brasil;Aparecida de Goiânia;GO;+5511972890406;https://app.anota.ai/m/Y6f5Ennyr;https://www.google.com/maps/search/?api=1&query=Underground%20Hamburgers&query_place_id=ChIJa47UIzJazpQR1_Osj1lot7Y;4.4;971;
Empório Frutaria;Restaurante;Restaurante;Av. Hélio Pellegrino, 198 - Vila Nova Conceição, São Paulo - SP, 04512-001, Brasil;Aparecida de Goiânia;GO;+551138537147;;https://www.google.com/maps/search/?api=1&query=Empo%CC%81rio%20Frutaria&query_place_id=ChIJMbzAd_9ZzpQRcYZzNz6hmr8;4.2;1729;
Cavs Restaurante e Doceria;Restaurante;Restaurante;Av. Padroeira do Brasil, 25 - Centro, Aparecida - SP, 12570-000, Brasil;Aparecida de Goiânia;GO;+551231053152;https://api.whatsapp.com/send?phone=5512996234662;https://www.google.com/maps/search/?api=1&query=Cavs%20Restaurante%20e%20Doceria&query_place_id=ChIJf3wH92LDzJQREQDoO9a7NS4;4.2;586;
Bluefit Aquarius;Academia;Academia;Av. Cassiano Ricardo, 521 - 3 andar- Sl 01 - Jardim Alvorada, São José dos Campos - SP, 12246-870, Brasil;Aparecida de Goiânia;GO;+5512992346600;https://www.bluefitsjc.com.br/;https://www.google.com/maps/search/?api=1&query=Bluefit%20Aquarius&query_place_id=ChIJOSwojnE1zJQRljQIDWWlrCM;4.5;362;
Skyfit Limeira;Academia;Academia;Av. Dr. Lauro Corrêa da Silva, 2890 - Jardim Do Lago, Limeira - SP, 13481-631, Brasil;Aparecida de Goiânia;GO;+5519983981900;http://skyfitacademia.com/;https://www.google.com/maps/search/?api=1&query=Skyfit%20Limeira&query_place_id=ChIJz1NFcxCByJQRLxif_vZdYpM;4.5;202;
Campinas Fit Moraes Sales;Academia;Academia;Av. Dr. Moraes Sales, 1172, R. Cônego Cipião, 1074 - estacionamento - Centro, Campinas - SP, 13010-001, Brasil;Aparecida de Goiânia;GO;+5519971729661;https://campinasfit.com/academiacampinasfitmoraessales-2025;https://www.google.com/maps/search/?api=1&query=Campinas%20Fit%20Moraes%20Sales&query_place_id=ChIJm8SVJ0rPyJQRfMGxO5GZs2U;4.6;1046;
Bluefit Academia - Av. Atlântica - S.A.;Academia;Academia;R. Igarapava, 23 - Vila Valparaíso, Santo André - SP, 09060-170, Brasil;Aparecida de Goiânia;GO;+5511945848222;https://www.bluefit.com.br/unidade/atlantica;https://www.google.com/maps/search/?api=1&query=Bluefit%20Academia%20-%20Av.%20Atl%C3%A2ntica%20-%20S.A.&query_place_id=ChIJcx2vdPZDzpQRq0T98lFKSF8;4.5;285;
Academia Bluefit Liviero;Academia;Academia;Av. Carlos Liviero, 1068 - Vila Liviero, São Paulo - SP, 04186-100, Brasil;Aparecida de Goiânia;GO;+5511932125385;https://bluefit.com.br/unidade/liviero;https://www.google.com/maps/search/?api=1&query=Academia%20Bluefit%20Liviero&query_place_id=ChIJtaAB8xdbzpQRiiuW29CjWu0;4.6;680;
Academia Bluefit Diadema;Academia;Academia;Av. Sete de Setembro, 97 - Centro, Diadema - SP, 09912-010, Brasil;Aparecida de Goiânia;GO;+5511912397979;https://bluefit.com.br/unidade/diadema;https://www.google.com/maps/search/?api=1&query=Academia%20Bluefit%20Diadema&query_place_id=ChIJSShnfNhFzpQR4Vsjk-cWi2w;4.5;243;
Bar Recanto Do Sul;Restaurante;Restaurante;Av. Itamarati, 405-479 - St. Pontal Sul, Aparecida de Goiânia - GO, 74956-260, Brasil;Aparecida de Goiânia;GO;+5562996987164;;https://www.google.com/maps/search/?api=1&query=Bar%20Recanto%20Do%20Sul&query_place_id=ChIJEVxa7Jv5XpMRNK2INTh5TfM;4.7;380;
Empório 138 | Restaurante, Marmitex e Porções;Restaurante;Restaurante;R. 138 - Jardim Tropical, Aparecida de Goiânia - GO, 74946-450, Brasil;Aparecida de Goiânia;GO;+5562983209348;http://instagram.com/emporio.138;https://www.google.com/maps/search/?api=1&query=Emp%C3%B3rio%20138%20%7C%20Restaurante%2C%20Marmitex%20e%20Por%C3%A7%C3%B5es&query_place_id=ChIJYfVQSI_5XpMROiON2Zy-t7E;4.8;73;http://instagram.com/emporio.138
Da Mata Restaurante;Restaurante;Restaurante;R. 2, quadra 2 lote 13 - St. Marista Sul, Aparecida de Goiânia - GO, 74971-020, Brasil;Aparecida de Goiânia;GO;+5562991858545;;https://www.google.com/maps/search/?api=1&query=Da%20Mata%20Restaurante&query_place_id=ChIJbSFnb_j7XpMR672Tg6Omm7g;4.8;40;
Tempero Da Casa;Restaurante;Restaurante;auto escola - Esquina com a - Jardim Monte Cristo, Aparecida de Goiânia - GO, 74967-145, Brasil;Aparecida de Goiânia;GO;+556235966160;;https://www.google.com/maps/search/?api=1&query=Tempero%20Da%20Casa&query_place_id=ChIJWaieteL7XpMRvQaLBEzeeRI;4.3;373;
Fort fit Academia;Sala de fitness;Sala de fitness;Av. Liberdade, qd 168 lt 38 - St. Garavelo, Aparecida de Goiânia - GO, 74930-550, Brasil;Aparecida de Goiânia;GO;+5562981992089;https://instagram.com/fortfit_academia?igshid=MzMyNGUyNmU2YQ==;https://www.google.com/maps/search/?api=1&query=Fort%20fit%20Academia&query_place_id=ChIJPW9fhjH5XpMREqjOdPnDsTE;4.6;88;https://instagram.com/fortfit_academia?igshid=mzmynguynmu2yq==
Academia Hardcore;Academia;Academia;R. J-32, 2-74 - 2-74 - Mansões Paraíso, Aparecida de Goiânia - GO, 74952-260, Brasil;Aparecida de Goiânia;GO;+5562982017064;;https://www.google.com/maps/search/?api=1&query=Academia%20Hardcore&query_place_id=ChIJGUzjpyf6XpMRW6kXtQzBBYA;4.6;127;
Academia Onfit;Academia;Academia;R. das Codornas, 01997 - Morada dos Pássaros, Aparecida de Goiânia - GO, 74953-420, Brasil;Aparecida de Goiânia;GO;+5562995510940;;https://www.google.com/maps/search/?api=1&query=Academia%20Onfit&query_place_id=ChIJFzaUjo35XpMRnQSf1V_aI0A;4.6;88;
Academia Low Fit;Academia;Academia;R. 100 - Jardim Tropical, Aparecida de Goiânia - GO, 74946-500, Brasil;Aparecida de Goiânia;GO;+5562999739486;;https://www.google.com/maps/search/?api=1&query=Academia%20Low%20Fit&query_place_id=ChIJTTXBvfP3XpMRLSAP44P8s4Y;4.3;234;
SA e DE Academia;Academia;Academia;Av. Atlântica , Qd 129-Lt 30, 31 18E - Buriti Sereno, Aparecida de Goiânia - GO, 74944-090, Brasil;Aparecida de Goiânia;GO;+556232905841;;https://www.google.com/maps/search/?api=1&query=SA%20e%20DE%20Academia&query_place_id=ChIJs1r67CX4XpMR_y9ujf6BD-I;4.6;214;
Churrascaria e restaurante Dourado II Ltda;Restaurante;Restaurante;BR-153, km km 1287 - Jardim dos Buritis, Aparecida de Goiânia - GO, 74923-650, Brasil;Aparecida de Goiânia;GO;+5562982403781;;https://www.google.com/maps/search/?api=1&query=Churrascaria%20e%20restaurante%20Dourado%20II%20Ltda&query_place_id=ChIJOR8ZSwr7XpMRhEBmC8AhN7w;4.1;15;
Restaurante Moreira Fogão a Lenha;Restaurante;Restaurante;R. Mandioré, Qdr 35 lote 15 - Vila Alzira, Aparecida de Goiânia - GO, 74913-340, Brasil;Aparecida de Goiânia;GO;+556235499973;;https://www.google.com/maps/search/?api=1&query=Restaurante%20Moreira%20Fog%C3%A3o%20a%20Lenha&query_place_id=ChIJdSQqx2_6XpMRq4nT6b43hG4;4.5;280;
Bendito Bar e Restaurante;Restaurante;Restaurante;Avenida: Barão do Rio Branco, Qd.27 - Lt.18 - Jardim Luz, Aparecida de Goiânia - GO, 74915-025, Brasil;Aparecida de Goiânia;GO;+5562991000449;https://www.instagram.com/benditobaar/;https://www.google.com/maps/search/?api=1&query=Bendito%20Bar%20e%20Restaurante&query_place_id=ChIJXcZmTbXxXpMR4j2bmfl9E3A;4.4;197;https://www.instagram.com/benditobaar/
Empório da Alimentação;Restaurante;Restaurante;Av. Anápolis, quadra 61 - lote 16 - Conj. Liberdade, Aparecida de Goiânia - GO, 74911-360, Brasil;Aparecida de Goiânia;GO;+556230971750;https://linklist.bio/emporiodaalimetacao;https://www.google.com/maps/search/?api=1&query=Emp%C3%B3rio%20da%20Alimenta%C3%A7%C3%A3o&query_place_id=ChIJhxiCFIzwXpMR3vRO2wLffCQ;4.4;439;
Granfinus Restaurante, Pizzaria e Sanduicheria;Restaurante;Restaurante;Rua H161 Qd. 269 Lt.08 Cidade vera cruz 1, Aparecida de Goiânia - GO, 74937-590, Brasil;Aparecida de Goiânia;GO;+5562993093777;https://instagram.com/granfinus.restaurante?utm_medium=copy_link;https://www.google.com/maps/search/?api=1&query=Granfinus%20Restaurante%2C%20Pizzaria%20e%20Sanduicheria&query_place_id=ChIJS_at3e75XpMRfWc_CPfWwE4;4.3;73;https://instagram.com/granfinus.restaurante?utm_medium=copy_link
DIVINO FOGÃO - Buriti Shopping;Restaurante self-service;Restaurante self-service;Av. Rio Verde, 102/104 - Piso 1 - Vila Sao Tomaz, Aparecida de Goiânia - GO, 74915-515, Brasil;Aparecida de Goiânia;GO;+556230979500;https://www.divinofogao.com.br/;https://www.google.com/maps/search/?api=1&query=DIVINO%20FOG%C3%83O%20-%20Buriti%20Shopping&query_place_id=ChIJhaxfKLHwXpMRn5wkjkhhf8I;3.8;589;
Frango No Pote;Restaurante;Restaurante;Av. Independência, Qd. 03 - Lt 04 Sala 02 - St. Serra Dourada - 3ª Etapa, Aparecida de Goiânia - GO, 74973-340, Brasil;Aparecida de Goiânia;GO;+5562981462340;http://www.frangonopote.com.br/;https://www.google.com/maps/search/?api=1&query=Frango%20No%20Pote&query_place_id=ChIJxUxIs1b7XpMRiqpmDWBFdJU;4.2;395;
Restaurante Filé Brasil;Restaurante;Restaurante;R. Campos Belos - Vila Sao Tomaz, Aparecida de Goiânia - GO, 74915-470, Brasil;Aparecida de Goiânia;GO;+5562996979925;;https://www.google.com/maps/search/?api=1&query=Restaurante%20Fil%C3%A9%20Brasil&query_place_id=ChIJsz7UIU_xXpMRYtw2H8mk29M;4.4;161;
Restaurante e jantinha Bom Gosto;Restaurante;Restaurante;Bairro Independência Mansões, Aparecida de Goiânia - GO, 74958-190, Brasil;Aparecida de Goiânia;GO;+5562992403909;https://sites.google.com/view/restaurante-e-jantinha-bom-gos/home;https://www.google.com/maps/search/?api=1&query=Restaurante%20e%20jantinha%20Bom%20Gosto&query_place_id=ChIJqWVevhD5XpMRuUcn1C6WvYk;4.1;111;
Restaurante Bom La Petiti;Restaurante fast-food;Restaurante fast-food;Av. Bela Vista, s/n - Conj. Liberdade, Aparecida de Goiânia - GO, 74853-410, Brasil;Aparecida de Goiânia;GO;+556232828637;;https://www.google.com/maps/search/?api=1&query=Restaurante%20Bom%20La%20Petiti&query_place_id=ChIJvVc7Y4zwXpMROgXHDUyoVp4;4.4;315;
Churrascaria Brazão;Restaurante;Restaurante;R. 44, 1551-1597 - Sitios Santa Luzia, Aparecida de Goiânia - GO, Brasil;Aparecida de Goiânia;GO;+556230947889;;https://www.google.com/maps/search/?api=1&query=Churrascaria%20Braz%C3%A3o&query_place_id=ChIJCeRqDXfwXpMRmHMz2lmI-v0;4.5;389;
Restaurante E Jantinha Encontro De Família;Restaurante;Restaurante;Av. Santana - Vila Souza, Aparecida de Goiânia - GO, 74987-722, Brasil;Aparecida de Goiânia;GO;+5562991324199;;https://www.google.com/maps/search/?api=1&query=Restaurante%20E%20Jantinha%20Encontro%20De%20Fam%C3%ADlia&query_place_id=ChIJpaSsS4L8XpMRtqx1dFOzPLY;4.4;42;
Restaurante Moura;Restaurante;Restaurante;Av. da Paz, Quadra 132 - Lote 01 - St. Garavelo, Aparecida de Goiânia - GO, 74930-570, Brasil;Aparecida de Goiânia;GO;+5562993467006;;https://www.google.com/maps/search/?api=1&query=Restaurante%20Moura&query_place_id=ChIJ9cZxYIb5XpMRRNMMghr0z_k;4;141;
Castro's Madureira Restaurante;Restaurante;Restaurante;GO-040 - St. Garavelo Res. Park, Aparecida de Goiânia - GO, 74930-060, Brasil;Aparecida de Goiânia;GO;+556235886281;;https://www.google.com/maps/search/?api=1&query=Castro's%20Madureira%20Restaurante&query_place_id=ChIJQ0TunvL3XpMRJkCpjDw0bP4;4.4;742;
Restaurante Dos Amigos;Restaurante;Restaurante;R. 39, quadra 37 - lote 17 casa 2 - Jardim Bonança, Aparecida de Goiânia - GO, 74919-280, Brasil;Aparecida de Goiânia;GO;+5562994191849;;https://www.google.com/maps/search/?api=1&query=Restaurante%20Dos%20Amigos&query_place_id=ChIJYeDNT8D7XpMRLsfaSzpWadM;4.4;45;
Restaurante LOS MENINOS;Restaurante;Restaurante;R. Cento e Dez - Jardim Tropical, Aparecida de Goiânia - GO, 74946-130, Brasil;Aparecida de Goiânia;GO;+5562991251376;;https://www.google.com/maps/search/?api=1&query=Restaurante%20LOS%20MENINOS&query_place_id=ChIJ-9CYYsv5XpMREoGL9E5ner0;4.7;15;
Restaurante Opção;Restaurante;Restaurante;R. 15-C, 15 - qd 104 Lt - St. Garavelo, Aparecida de Goiânia - GO, 74930-280, Brasil;Aparecida de Goiânia;GO;+556232587509;;https://www.google.com/maps/search/?api=1&query=Restaurante%20Op%C3%A7%C3%A3o&query_place_id=ChIJp-rn8ov3XpMRaBXnhJgJmDI;4.4;449;
Clube SINTEGO Aparecida de Goiânia - Aberto Também a Visitantes. Lazer, Churrasco, Restaurante, Sauna, Salão de Festa.;Restaurante;Restaurante;Alameda Lourenço Marquês, Qd 57 - Lt 02 - Parque das Nacoes, Aparecida de Goiânia - GO, 74957-350, Brasil;Aparecida de Goiânia;GO;+5562996648068;https://www.instagram.com/sintegoaparecida/;https://www.google.com/maps/search/?api=1&query=Clube%20SINTEGO%20Aparecida%20de%20Goi%C3%A2nia%20-%20Aberto%20Tamb%C3%A9m%20a%20Visitantes.%20Lazer%2C%20Churrasco%2C%20Restaurante%2C%20Sauna%2C%20Sal%C3%A3o%20de%20Festa.&query_place_id=ChIJ4ZvJ5gr5XpMRl4ERru0Nkhs;4.3;160;https://www.instagram.com/sintegoaparecida/
Restaurante e Lanchonete Raìzes Nordestinas;Restaurante;Restaurante;Jardim dos Buritis, Aparecida de Goiânia - GO, 74923-570, Brasil;Aparecida de Goiânia;GO;+5562999130862;;https://www.google.com/maps/search/?api=1&query=Restaurante%20e%20Lanchonete%20Ra%C3%ACzes%20Nordestinas&query_place_id=ChIJr5Ojakf7XpMR8ujt3Z8Vzr0;4.8;39;
Boteco do Zé Bar e Restaurante;Bar e Grill;Bar e Grill;Av. São Paulo - Vila Brasilia, Aparecida de Goiânia - GO, 74905-770, Brasil;Aparecida de Goiânia;GO;+556235750700;;https://www.google.com/maps/search/?api=1&query=Boteco%20do%20Z%C3%A9%20Bar%20e%20Restaurante&query_place_id=ChIJPX9f-prwXpMRZPZ9Eg8IrOU;4.6;667;
Aromas do alecrim restaurante e buffet;Restaurante;Restaurante;R. Lã Paz - Parque das Nacoes, Aparecida de Goiânia - GO, 74957-300, Brasil;Aparecida de Goiânia;GO;+5562983133435;;https://www.google.com/maps/search/?api=1&query=Aromas%20do%20alecrim%20restaurante%20e%20buffet&query_place_id=ChIJKXzJS4n5XpMRA8VbvNkPdNc;4.5;35;
Restaurante Quintal de Vó;Restaurante;Restaurante;R. Leopoldo de Bulhões, QD.73 - LT.04 - Nova Brasília, Aparecida de Goiânia - GO, 74912-570, Brasil;Aparecida de Goiânia;GO;+5562991193320;;https://www.google.com/maps/search/?api=1&query=Restaurante%20Quintal%20de%20V%C3%B3&query_place_id=ChIJsw1kjbLxXpMRRtn4pNszhKs;4.7;15;
Toca do peixe bar e restaurante;Restaurante;Restaurante;Av. Escultor Veiga Vale, 3 - Parque Veiga Jardim, Aparecida de Goiânia - GO, 74954-012, Brasil;Aparecida de Goiânia;GO;+5562993412921;;https://www.google.com/maps/search/?api=1&query=Toca%20do%20peixe%20bar%20e%20restaurante&query_place_id=ChIJD4k4q1f7XpMR80ulm0ggJCc;4.6;144;
Central Restaurante e Lanchonete;Restaurante;Restaurante;Zap (47) 9966-7330__Rua Gervásio Pinheiro Qd29, Rua L, 14 - Res. Village Garavelo, Aparecida de Goiânia - GO, 74968-500, Brasil;Aparecida de Goiânia;GO;+5562995591858;;https://www.google.com/maps/search/?api=1&query=Central%20Restaurante%20e%20Lanchonete&query_place_id=ChIJX4rY78X7XpMRji0O0Mey-RI;4.5;75;
restaurante e marmitaria tempero do sabor;Restaurante;Restaurante;Zap (47) 9966-7330, Av. Independência, qd 1 - lt 1 - Jardim Monte Cristo, Aparecida de Goiânia - GO, 74968-350, Brasil;Aparecida de Goiânia;GO;+5562991651955;;https://www.google.com/maps/search/?api=1&query=restaurante%20e%20marmitaria%20tempero%20do%20sabor&query_place_id=ChIJb25gxtr7XpMRtnWXiqFUkwg;4.4;51;
Primo's Bar e Restaurante;Restaurante brasileiro;Restaurante brasileiro;anel Viário - Av. União, 75 - Qd 20 Lt 01 - St. Garavelo, Aparecida de Goiânia - GO, 74930-600, Brasil;Aparecida de Goiânia;GO;+5562994457365;https://primosbar.saipos.com/;https://www.google.com/maps/search/?api=1&query=Primo's%20Bar%20e%20Restaurante&query_place_id=ChIJ0y-ntJD3XpMRS2JtsT_QIfc;4.1;1094;
Frango Rei;Restaurante de frango;Restaurante de frango;Av. V001 com rua H-18 Qd.51 Lt. 16 - Conj. Res. Santa Fe, Aparecida de Goiânia - GO, 74935-210, Brasil;Aparecida de Goiânia;GO;+556232482243;https://www.contate.me/whatsapp-frango-rei-1;https://www.google.com/maps/search/?api=1&query=Frango%20Rei&query_place_id=ChIJWwAAAO_5XpMRLL1EI6jYcTw;4.4;897;
Nobre Sorvetes | Aparecida de Goiânia;Sorveteria;Sorveteria;Av. das Mangueiras, Qd 51 - Lt 1 - Vila Alzira, Aparecida de Goiânia - GO, 74913-330, Brasil;Aparecida de Goiânia;GO;+5562981748606;https://www.facebook.com/nobresorveteria/;https://www.google.com/maps/search/?api=1&query=Nobre%20Sorvetes%20%7C%20Aparecida%20de%20Goi%C3%A2nia&query_place_id=ChIJLY89-576XpMRL81g3PZlqww;4.5;246;
Palhoça Restaurante , Pizzaria e Rodízios;Pizzaria;Pizzaria;Av: da Paz, Qd 157 - Lot 16 - Garavelo, Aparecida de Goiânia - GO, 74930-570, Brasil;Aparecida de Goiânia;GO;+5562995752559;;https://www.google.com/maps/search/?api=1&query=Palho%C3%A7a%20Restaurante%20%2C%20Pizzaria%20e%20Rod%C3%ADzios&query_place_id=ChIJ9cpo05P3XpMRKzXOnWJZ1OM;4.2;98;
Braga’s Restaurante - UNIDADE VILA BRASILIA;Restaurante;Restaurante;R. Tapajós, Quadra 54 - Lote 10 - Vila Brasilia, Aparecida de Goiânia - GO, 74905-700, Brasil;Aparecida de Goiânia;GO;+5562998454956;https://bragasvilabrasilia.comercio.net.br/#/catalogo;https://www.google.com/maps/search/?api=1&query=Braga%E2%80%99s%20Restaurante%20-%20UNIDADE%20VILA%20BRASILIA&query_place_id=ChIJV-y1XZLxXpMRXhDBXiM1Ljo;4.7;29;
Markin Bar e Restaurante;Restaurante;Restaurante;Av. Nove de Julho, 309 - Vila Mariana, Aparecida de Goiânia - GO, 74938-160, Brasil;Aparecida de Goiânia;GO;+556232182397;;https://www.google.com/maps/search/?api=1&query=Markin%20Bar%20e%20Restaurante&query_place_id=ChIJ5xIar_H3XpMR11miYkzlldA;4.8;27;
Restaurante bom Paladar;Restaurante brasileiro;Restaurante brasileiro;Av. Quimbita Abrantes, Qd 01 - St. Terra Prometida, Aparecida de Goiânia - GO, 74982-855, Brasil;Aparecida de Goiânia;GO;+5562981091122;https://restaurantebompaladar.com.br/;https://www.google.com/maps/search/?api=1&query=Restaurante%20bom%20Paladar&query_place_id=ChIJJfAZkMv7XpMRUC6bSvlTm7Y;4.3;263;
Opção Restaurante e Lanchonete;Restaurante;Restaurante;Rua Prustita, sn, QD K 52, LT 36, Sala 3 - Independência 3° Complemento, cep 74.967-570, Aparecida de Goiânia - GO, Brasil;Aparecida de Goiânia;GO;+5562993774446;http://linktr.ee/op%C3%A7%C3%A3orestaurantegyn;https://www.google.com/maps/search/?api=1&query=Op%C3%A7%C3%A3o%20Restaurante%20e%20Lanchonete&query_place_id=ChIJQ7JbMVj5XpMRghRJP6RjhII;4.7;51;
Restaurante sabor de Minas;Churrascaria;Churrascaria;R. R 20 Qarea, 2a Etapa, 0 - Jardim Dom Bosco, Aparecida de Goiânia - GO, 74963-500, Brasil;Aparecida de Goiânia;GO;+556232904186;;https://www.google.com/maps/search/?api=1&query=Restaurante%20sabor%20de%20Minas&query_place_id=ChIJUyCYq8T5XpMRm0RNb4ILNnE;4.1;96;
Restaurante Reis;Restaurante;Restaurante;Av. das Nações, qd 30 - Lt 11 - Jardim Veneza, Aparecida de Goiânia - GO, 74958-017, Brasil;Aparecida de Goiânia;GO;+5562982086961;https://sites.google.com/view/reis777/p%C3%A1gina-inicial;https://www.google.com/maps/search/?api=1&query=Restaurante%20Reis&query_place_id=ChIJjQreUvn7XpMRJyh2NZrEBfs;4.3;24;
Harmonia dos Sabores;Restaurante;Restaurante;Rua 30 Esq. c/ Rua 20 Qd 50 Lt 14 - Bairro Independência, Aparecida de Goiânia - GO, 74967-150, Brasil;Aparecida de Goiânia;GO;+556235488925;;https://www.google.com/maps/search/?api=1&query=Harmonia%20dos%20Sabores&query_place_id=ChIJt8ix5Uz7XpMRT41zIkIbuM0;4;250;
Restaurante da Gorete;Restaurante;Restaurante;Av. Santana - Nova Olinda, Aparecida de Goiânia - GO, 74988-787, Brasil;Aparecida de Goiânia;GO;+5562992575043;;https://www.google.com/maps/search/?api=1&query=Restaurante%20da%20Gorete&query_place_id=ChIJk5uCt5f8XpMRSBHJqhxl_XM;4.5;80;
Restaurante/Marmitex bom tempero;Restaurante;Restaurante;R. Abaeté, quadra 31 - lote 3 - Jardim Ipiranga - Continuação, Aparecida de Goiânia - GO, 74968-705, Brasil;Aparecida de Goiânia;GO;+556235752055;;https://www.google.com/maps/search/?api=1&query=Restaurante%2FMarmitex%20bom%20tempero&query_place_id=ChIJGykzSYf7XpMRPM9LmChgkDQ;4.7;14;
POLO GRILL RESTAURANTE;Restaurante;Restaurante;Avenida Eixo Primário, 4919-5277 Parque Karaja - Polo Empresarial de Goiás, Aparecida de Goiânia - GO, 74982-740, Brasil;Aparecida de Goiânia;GO;+5562983226795;;https://www.google.com/maps/search/?api=1&query=POLO%20GRILL%20RESTAURANTE&query_place_id=ChIJDyOhaq37XpMRyq0BgOWGkTE;4.5;635;
Jantinha e Espetos Barcelona;Restaurante de churrasquinho;Restaurante de churrasquinho;R. Irmãos Maristas, Qd 22lt 08 - Res. Village Garavelo, Aparecida de Goiânia - GO, 74961-468, Brasil;Aparecida de Goiânia;GO;+556232832610;;https://www.google.com/maps/search/?api=1&query=Jantinha%20e%20Espetos%20Barcelona&query_place_id=ChIJZ-opSI_7XpMReDAB1f1ff5g;4.5;853;
Oásis Pesca, Bar & Restaurante;Restaurante especializado em peixe-pescador;Restaurante especializado em peixe-pescador;com a - Rua x 59, R. X-55 - Jardim Olimpico, Aparecida de Goiânia - GO, 74922-270, Brasil;Aparecida de Goiânia;GO;+5562993165110;;https://www.google.com/maps/search/?api=1&query=O%C3%A1sis%20Pesca%2C%20Bar%20%26%20Restaurante&query_place_id=ChIJa7_p_4b7XpMRaCmxQftMNHQ;4.4;454;
Wn restaurante;Restaurante;Restaurante;Av. Independência, quadra 32 - lote 09 - Jardim Ipiranga, Aparecida de Goiânia - GO, Brasil;Aparecida de Goiânia;GO;+5562984463696;;https://www.google.com/maps/search/?api=1&query=Wn%20restaurante&query_place_id=ChIJHdam-N37XpMRl6wD81bY9HM;4.5;139;
Tropical Pizzaria e Restaurante;Pizzaria;Pizzaria;Av. Ipanema, 1179 - Jardim Atlântico, Goiânia - GO, 74343-010, Brasil;Aparecida de Goiânia;GO;+556239226350;https://www.tropicaljdatlantico.com.br/;https://www.google.com/maps/search/?api=1&query=Tropical%20Pizzaria%20e%20Restaurante&query_place_id=ChIJzd-4dhf3XpMRiU0iP88DeAw;4.5;3696;
Restaurante Nova Estrela;Restaurante;Restaurante;Av. Central, Qd 45 - lt 08 - Jardim Boa Esperanca, Aparecida de Goiânia - GO, 74980-970, Brasil;Aparecida de Goiânia;GO;+5562935765363;;https://www.google.com/maps/search/?api=1&query=Restaurante%20Nova%20Estrela&query_place_id=ChIJfcdK-SX5XpMRF7hAbgbRXkI;3.6;69;
Panificadora e Confeitaria Mondale;Padaria;Padaria;Av. Independência, Quadra 1 - Lote 11 - Cidade Livre, Aparecida de Goiânia - GO, 74967-120, Brasil;Aparecida de Goiânia;GO;+5562981960091;https://instagram.com/mondalepanificadora?igshid=1nysjxxp12mg9;https://www.google.com/maps/search/?api=1&query=Panificadora%20e%20Confeitaria%20Mondale&query_place_id=ChIJg88zpOL7XpMR5ai1hpH1EyY;4.3;553;https://instagram.com/mondalepanificadora?igshid=1nysjxxp12mg9
RESTAURANTE JUNINHOS GRILL;Restaurante;Restaurante;Av. Independência qd.05 Lt05 - St. Colina Azul, Aparecida de Goiânia - GO, 74970-555, Brasil;Aparecida de Goiânia;GO;+5562992856202;;https://www.google.com/maps/search/?api=1&query=RESTAURANTE%20JUNINHOS%20GRILL&query_place_id=ChIJhRE3gfH7XpMR1HX5c9FwIg8;4.1;133;
Restaurante Rei Davi;Restaurante;Restaurante;St. Serra Dourada - 2ª Etapa, Aparecida de Goiânia - GO, 74973-530, Brasil;Aparecida de Goiânia;GO;+556232801355;;https://www.google.com/maps/search/?api=1&query=Restaurante%20Rei%20Davi&query_place_id=ChIJ8SRGUUv7XpMRJPmIaosP6X8;4.7;11;
Jantinha D'Aline;Restaurante;Restaurante;R. Londres, Qd 29 - Lt 17 - Res. Solar Central Park, Aparecida de Goiânia - GO, 74968-561, Brasil;Aparecida de Goiânia;GO;+5562991781984;http://www.instagram.com/jantinhadaline;https://www.google.com/maps/search/?api=1&query=Jantinha%20D'Aline&query_place_id=ChIJ_fe0jzz7XpMRFgkLNMEss9M;4.7;66;http://www.instagram.com/jantinhadaline
Delta Fitness;Academia;Academia;Academia - Av. Constantino Nery, 2500 - Chapada, Manaus - AM, 69050-001, Brasil;Aparecida de Goiânia;GO;+5592984159621;https://www.instagram.com/deltafitness_manaus/;https://www.google.com/maps/search/?api=1&query=Delta%20Fitness&query_place_id=ChIJCffUproRbJIRsu6eb6vHX4I;4.8;25;https://www.instagram.com/deltafitness_manaus/
HidroMais;Academia;Academia;Rua Dr João Teixeira Álvares Júnior, quadra 78, R. Dona Maria Édila Curado Veiga Jardim, 3 - lote 24, Aparecida de Goiânia - GO, 74954-350, Brasil;Aparecida de Goiânia;GO;+5562991249005;;https://www.google.com/maps/search/?api=1&query=HidroMais&query_place_id=ChIJgW45eBL7XpMR5gVmvGC8oyw;4.9;122;
Academia Ação Saúde;Academia;Academia;74913-360, Av. das Mangueiras, 370-464 - Vila Alzira, Aparecida de Goiânia - GO, 74913-360, Brasil;Aparecida de Goiânia;GO;+5562999990866;https://venda.nextfit.com.br/33960d76-b52f-4a95-82ee-6aca8a12b907/contratos;https://www.google.com/maps/search/?api=1&query=Academia%20A%C3%A7%C3%A3o%20Sa%C3%BAde&query_place_id=ChIJp0bpDnD6XpMR5NTzvO0DT2g;4.5;79;
Academia Pratique Fitness - Cachoeirinha;Sala de fitness;Sala de fitness;Av. Bernardo de Vasconcelos, 1193 - Cachoeirinha, Belo Horizonte - MG, 31150-000, Brasil;Aparecida de Goiânia;GO;+553141411962;https://novo.pratiquefitness.com.br/unidades/cachoeirinha;https://www.google.com/maps/search/?api=1&query=Academia%20Pratique%20Fitness%20-%20Cachoeirinha&query_place_id=ChIJxX8FBXeapgARduoOpO_nQY4;4.7;5938;
Corpofit Academia;Academia;Academia;Av. V-3, Q152 L3 - Bairro Ilda, Aparecida de Goiânia - GO, 74936-580, Brasil;Aparecida de Goiânia;GO;+5562986411539;;https://www.google.com/maps/search/?api=1&query=Corpofit%20Academia&query_place_id=ChIJ23_Vshz3XpMRdzpWsW-EcD8;4.7;35;
SPORT LIFE NACIONAL;Academia;Academia;R. Brasília, 102 - Nacional, Contagem - MG, 32150-340, Brasil;Aparecida de Goiânia;GO;+553139126497;https://www.facebook.com/sportlifenacional;https://www.google.com/maps/search/?api=1&query=SPORT%20LIFE%20NACIONAL&query_place_id=ChIJGd5m7zaSpgARtZl2rdXiTzo;4.6;107;
Skyfit Nova Era;Academia;Academia;R. Dom Pedro II, 13 - Jardim Nova Era, Aparecida de Goiânia - GO, 74916-040, Brasil;Aparecida de Goiânia;GO;+5562992507810;;https://www.google.com/maps/search/?api=1&query=Skyfit%20Nova%20Era&query_place_id=ChIJMeonCADxXpMRvFAqeWj7zwM;4.4;139;
Lux Academia;Centro de bem-estar;Centro de bem-estar;"AVENIDA Argélia, nº SN, QUADRA 22;LOTE 26 - Parque Hayala, Aparecida de Goiânia - GO, 74959-200, Brasil";Aparecida de Goiânia;GO;+5562996782895;;https://www.google.com/maps/search/?api=1&query=Lux%20Academia&query_place_id=ChIJeyLoR3T5XpMR_GW_2hmxbN4;5;14;
Xprime Academia - Serrinha;Academia;Academia;Av T5 qd 4 lt 4 - Serrinha, Goiânia - GO, 74835-120, Brasil;Aparecida de Goiânia;GO;+556236243763;http://www.xprimeacademia.com.br/unidades/goianiaserrinha;https://www.google.com/maps/search/?api=1&query=Xprime%20Academia%20-%20Serrinha&query_place_id=ChIJ_7ETv8nxXpMRi5Ube2z8FqI;4.4;228;
ACADEMIA R2 FITNESS - JL;Academia;Academia;Av. Galileu, 205 - Jardim da Luz, Goiânia - GO, 74850-440, Brasil;Aparecida de Goiânia;GO;+5562985281040;http://facebook.com/academiar2fitness;https://www.google.com/maps/search/?api=1&query=ACADEMIA%20R2%20FITNESS%20-%20JL&query_place_id=ChIJz_TUKGbwXpMROlV5_c1IZ5w;4.5;161;
Serviço Social da Indústria-SESI - Aparecida de Goiânia-GO;Saúde e segurança ocupacional;Saúde e segurança ocupacional;R. Pirineus, s/n - Res. Village Garavelo, Aparecida de Goiânia - GO, 74968-539, Brasil;Aparecida de Goiânia;GO;+556232366900;;https://www.google.com/maps/search/?api=1&query=Servi%C3%A7o%20Social%20da%20Ind%C3%BAstria-SESI%20-%20Aparecida%20de%20Goi%C3%A2nia-GO&query_place_id=ChIJb315vnb7XpMR3tzAUxSnBmA;4.1;85;
IMPACTOS FIT ACADEMIA;Sala de fitness;Sala de fitness;Rua São Bento Qd.22 Lt.16 Casa.002 - Centro, Aparecida de Goiânia - GO, 74980-083, Brasil;Aparecida de Goiânia;GO;+556230856570;;https://www.google.com/maps/search/?api=1&query=IMPACTOS%20FIT%20ACADEMIA&query_place_id=ChIJRVT0xiz7XpMRztbz7G3qI-I;4.6;11;
ClubMonster Academia;Academia;Academia;Avenida Emb. - Cardoso Continuação, Aparecida de Goiânia - GO, 74944-530, Brasil;Aparecida de Goiânia;GO;+5562981361667;https://www.instagram.com/clubmonsteracademia?igsh=MW1idmFqZDN0N3MzZw==;https://www.google.com/maps/search/?api=1&query=ClubMonster%20Academia&query_place_id=ChIJxcCkNgD5XpMR5HXCRpWICOM;4.8;61;https://www.instagram.com/clubmonsteracademia?igsh=mw1idmfqzdn0n3mzzw==
Original fit academia;Academia;Academia;R. Calil Elías Neto - Jardim Himalaia, Aparecida de Goiânia - GO, 74947-050, Brasil;Aparecida de Goiânia;GO;+556299744103;;https://www.google.com/maps/search/?api=1&query=Original%20fit%20academia&query_place_id=ChIJiZYOe-z5XpMR-0oBe5br0yc;4.8;24;
Centro de Treinamento Avalon;Academia de artes marciais;Academia de artes marciais;Av. da Paz, Quadra 155 - Lote 4 - St. Garavelo, Aparecida de Goiânia - GO, 74930-160, Brasil;Aparecida de Goiânia;GO;+5562984528748;https://www.instagram.com/ct_avalon/;https://www.google.com/maps/search/?api=1&query=Centro%20de%20Treinamento%20Avalon&query_place_id=ChIJc3NG9zr3XpMRew9SCp7Hqts;4.8;65;https://www.instagram.com/ct_avalon/
Efitness Academia;Academia;Academia;R. Tamboril, GO-040 - Res. Caraibas, Aparecida de Goiânia - GO, 74946-605, Brasil;Aparecida de Goiânia;GO;+5562992192965;https://bit.ly/Whatsefitness;https://www.google.com/maps/search/?api=1&query=Efitness%20Academia&query_place_id=ChIJwYvL3aD5XpMRfGzkj-kEs2Q;4.7;49;
Actos Academia Fitness;Academia;Academia;Av. Central, Quadra 42 - lote 2 - St. Garavelo B, Goiânia - GO, 74354-230, Brasil;Aparecida de Goiânia;GO;+5562984489823;https://www.instagram.com/academia_actos/;https://www.google.com/maps/search/?api=1&query=Actos%20Academia%20Fitness&query_place_id=ChIJ23G3P5T3XpMRqUjjEHzY34E;4.7;167;https://www.instagram.com/academia_actos/
Adrenaline Fitness - Garavelo;Academia;Academia;R. dos Pinheiros, Quadra 02 - Lote 01 - Res. Caraibas, Aparecida de Goiânia - GO, 74946-884, Brasil;Aparecida de Goiânia;GO;+556235368688;;https://www.google.com/maps/search/?api=1&query=Adrenaline%20Fitness%20-%20Garavelo&query_place_id=ChIJB7XbDGP5XpMRnbQhp80L2PU;4.3;179;
Olímpia Academia;Academia;Academia;Com - Rua Jca4, R. JCA 11, Qd 14 Lt14 - Jardim Caravelas, Goiânia - GO, 74354-630, Brasil;Aparecida de Goiânia;GO;+556232183315;;https://www.google.com/maps/search/?api=1&query=Ol%C3%ADmpia%20Academia&query_place_id=ChIJMfmNoO73XpMRppQrNt-foWI;4.7;148;
Academia Aliança Fitness Unidade Garavelo;Academia;Academia;R. 8-E, Quadra 44 - Lote 11 - Garavelo, Aparecida de Goiânia - GO, 74932-250, Brasil;Aparecida de Goiânia;GO;+5562994303500;https://aliancafitness.com.br/unidade-garavelo/;https://www.google.com/maps/search/?api=1&query=Academia%20Alian%C3%A7a%20Fitness%20Unidade%20Garavelo&query_place_id=ChIJ_b48moz3XpMRXIgWU7AkM74;4.5;30;
GB Alto Paraíso;Escola de lutas;Escola de lutas;R. Santa Helena, Qd 07 - Lt 28 - Jardim Alto Paraiso, Aparecida de Goiânia - GO, 74948-290, Brasil;Aparecida de Goiânia;GO;+5562992499934;https://www.instagram.com/invites/contact/?i=18cqs17ityitr&utm_content=1xmuhsp;https://www.google.com/maps/search/?api=1&query=GB%20Alto%20Para%C3%ADso&query_place_id=ChIJeyiVtF75XpMR8PwOWilfHwo;5;89;https://www.instagram.com/invites/contact/?i=18cqs17ityitr&utm_content=1xmuhsp
R1 Fitness - Unidade Itaipu;Sala de fitness;Sala de fitness;Av. Vieira Santos, Qd. 07 Lt. 02 - Jardim Itaipú, Goiânia - GO, 74355-516, Brasil;Aparecida de Goiânia;GO;+5562982007734;http://www.instagram.com/r1fitnesitaipu;https://www.google.com/maps/search/?api=1&query=R1%20Fitness%20-%20Unidade%20Itaipu&query_place_id=ChIJaZB8qM35XpMRFG_EE3GKKDY;4.8;265;http://www.instagram.com/r1fitnesitaipu
Academia Play Fit - Jardim boa Esperança;Academia;Academia;"AVENIDA C, nº S/N, QUADRA B3; LOTE 17E; JARDIM BOA ESPERANCA - CONTINUACAO - Jardim Boa Esperanca, Aparecida de Goiânia - GO, 74960-302, Brasil";Aparecida de Goiânia;GO;+5562982298923;https://playfitacademia.com.br/;https://www.google.com/maps/search/?api=1&query=Academia%20Play%20Fit%20-%20Jardim%20boa%20Esperan%C3%A7a&query_place_id=ChIJwf4BU4v5XpMRxq4bjM2Jj9o;4.7;329;
DRIP FITNESS;Academia;Academia;Av. Seringueiras, qd 06 - lt 20 - Res. Forteville, Goiânia - GO, 74370-703, Brasil;Aparecida de Goiânia;GO;+5562993586636;https://linktr.ee/dripfitnessgyn;https://www.google.com/maps/search/?api=1&query=DRIP%20FITNESS&query_place_id=ChIJzQC9YHdZXpMR3b7FiobhKwE;4.8;101;
Academia Mais Saúde;Sala de fitness;Sala de fitness;Unidade 203, R. 203, 23 - Parque Atheneu, Goiânia - GO, 74890-640, Brasil;Aparecida de Goiânia;GO;+556232822038;;https://www.google.com/maps/search/?api=1&query=Academia%20Mais%20Sa%C3%BAde&query_place_id=ChIJAafKvlHlXpMRt6O_Fd1Qgj4;4.5;104;
Academia Mega Fitness;Sala de fitness;Sala de fitness;Avenida Senador Canedo, SN, QUADRA62 LOTE 13 - Vila Sao Sebastiao, Sen. Canedo - GO, 75262-355, Brasil;Aparecida de Goiânia;GO;+5562994434690;;https://www.google.com/maps/search/?api=1&query=Academia%20Mega%20Fitness&query_place_id=ChIJaeuTtybnXpMRBzoef07LZO4;4.9;289;
DM3 CROSS;Academia;Academia;R. 201 Unidade 201, LOTE 06 - Parque Atheneu, Goiânia - GO, 74890-610, Brasil;Aparecida de Goiânia;GO;+5562985969917;;https://www.google.com/maps/search/?api=1&query=DM3%20CROSS&query_place_id=ChIJAaHP-cH7XpMRrqeYjXJ_8Bg;4.7;80;
Studio Life Canedo;Academia;Academia;R. Dormever José Ferreira, QD 03 - LT 18-20 - Res. Pedro Miranda, Sen. Canedo - GO, 75262-547, Brasil;Aparecida de Goiânia;GO;+5562993888713;https://studiolifebrasil.com.br/;https://www.google.com/maps/search/?api=1&query=Studio%20Life%20Canedo&query_place_id=ChIJc63_Bo_nXpMRUIaqyAjFSrk;5;58;
Zion Cross;Academia;Academia;Av. Sen. Canedo, qd. 06, Lt. 05, Galpão Comercial - Vila Sao Sebastiao, Sen. Canedo - GO, 75262-355, Brasil;Aparecida de Goiânia;GO;+5562996204064;https://instagram.com/ctzioncross;https://www.google.com/maps/search/?api=1&query=Zion%20Cross&query_place_id=ChIJpzbFrcjnXpMRbpSGpjXno1I;5;41;https://instagram.com/ctzioncross
BOX PAM;Sala de fitness;Sala de fitness;R. Maria Mendes de Moura - Residencial Arco Verde, Goiânia - GO, 74891-000, Brasil;Aparecida de Goiânia;GO;+5562994304167;http://bit.ly/BoxPam;https://www.google.com/maps/search/?api=1&query=BOX%20PAM&query_place_id=ChIJMX6ij6HlXpMRbvGBzx1vA7Y;5;8;
Academia Puma Fitness;Sala de fitness;Sala de fitness;Vila Bonsucesso, Sen. Canedo - GO, Brasil;Aparecida de Goiânia;GO;+556234134389;https://linktr.ee/academiapumafit?fbclid=PAAaa_28-4pWibX3NPuhJlQ0-3QuX6_0Waieqv99X3jadjppdidalKZfysRPs;https://www.google.com/maps/search/?api=1&query=Academia%20Puma%20Fitness&query_place_id=ChIJI9kqW-PpXpMRZcO-8gqqLxw;4.6;167;
Adrenaline Bonsucesso;Academia;Academia;Av das flores Q08 Lt04, Sen. Canedo - GO, 75261-510, Brasil;Aparecida de Goiânia;GO;+5562991946334;;https://www.google.com/maps/search/?api=1&query=Adrenaline%20Bonsucesso&query_place_id=ChIJ-3slCADnXpMRdeAyseWwsAM;4.6;73;
KAM Crossfit;Academia;Academia;Av. Bela Vista, 801 - Residencial Brisas do Cerrado, Goiânia - GO, Brasil;Aparecida de Goiânia;GO;+5562992564181;;https://www.google.com/maps/search/?api=1&query=KAM%20Crossfit&query_place_id=ChIJCRZ9HYr7XpMRNyPYDu9CNkc;5;30;
Centro de treinamento unificado;Academia de artes marciais;Academia de artes marciais;Rua rio verde quadra 2 A, lote 4 - Vila Santa Rosa, Sen. Canedo - GO, 75251-467, Brasil;Aparecida de Goiânia;GO;+5562991748347;https://centro-de-treinamento-unificado.negocio.site/?utm_source=gmb&utm_medium=referral;https://www.google.com/maps/search/?api=1&query=Centro%20de%20treinamento%20unificado&query_place_id=ChIJL7z0xW7pXpMRVeM03ANS9MA;4.8;22;
Academia Asas de Águia;Academia de artes marciais;Academia de artes marciais;R. 201 Unidade 201, 14 - Parque Atheneu, Goiânia - GO, 74890-610, Brasil;Aparecida de Goiânia;GO;+556232739029;;https://www.google.com/maps/search/?api=1&query=Academia%20Asas%20de%20%C3%81guia&query_place_id=ChIJByR7sU3lXpMRMlXyDoq0L9g;4.6;32;
Odin Box;Academia;Academia;Av. Aristóteles, Quadra 61 - Lote 04 - Jardim Mariliza, Goiânia - GO, 74885-030, Brasil;Aparecida de Goiânia;GO;+5562992599467;;https://www.google.com/maps/search/?api=1&query=Odin%20Box&query_place_id=ChIJWz9wZCbvXpMRYNf84xGGHZY;5;24;
Dm Fit Academia;Academia;Academia;R. João de Souza Clímaco, sn - Parque Trindade II, Aparecida de Goiânia - GO, 74921-005, Brasil;Aparecida de Goiânia;GO;+5562981111212;https://dm3-dmfit.sitesca.com/matricular;https://www.google.com/maps/search/?api=1&query=Dm%20Fit%20Academia&query_place_id=ChIJublBJzD7XpMRKLfzPn_Mtn4;4.2;21;
Javafit I;Academia;Academia;Av. Parque Atheneu, 27 - UN 201 - Parque Atheneu, Goiânia - GO, 74893-020, Brasil;Aparecida de Goiânia;GO;+5562995018028;https://www.instagram.com/academiajavafit;https://www.google.com/maps/search/?api=1&query=Javafit%20I&query_place_id=ChIJLRHQa0H7XpMRiQX3qABAC3w;4.8;31;https://www.instagram.com/academiajavafit
Academia ATRIX;Sala de fitness;Sala de fitness;R. 201 Unidade 201, 24 - Parque Atheneu, Goiânia - GO, 74890-680, Brasil;Aparecida de Goiânia;GO;+556236370684;;https://www.google.com/maps/search/?api=1&query=Academia%20ATRIX&query_place_id=ChIJF-WoTU7lXpMRwLoXSi87Sa8;4.8;24;
Gracie Barra Jardim Bela Vista;Academia;Academia;R. 41, Qd 27 - Lote 07 - Jardim Bela Vista, Aparecida de Goiânia - GO, 74912-130, Brasil;Aparecida de Goiânia;GO;+5562993215204;https://www.instagram.com/gbjardimbelavista;https://www.google.com/maps/search/?api=1&query=Gracie%20Barra%20Jardim%20Bela%20Vista&query_place_id=ChIJx6TZ2_PxXpMR-l9LiIjICh8;5;62;https://www.instagram.com/gbjardimbelavista
Academia Área 21;Academia;Academia;Av. W-5, Quadra 25 - Lote 20 - Jardim Olimpico, Aparecida de Goiânia - GO, 74922-320, Brasil;Aparecida de Goiânia;GO;+5562981318106;;https://www.google.com/maps/search/?api=1&query=Academia%20%C3%81rea%2021&query_place_id=ChIJQVDAdAD7XpMRL7Rx-6wr8l8;4.1;13;
Vida ativa academia 4;Academia;Academia;R. Girassol, qd 28A lt 02 - Jardim dos Buritis, Aparecida de Goiânia - GO, 74923-430, Brasil;Aparecida de Goiânia;GO;+5562993645198;;https://www.google.com/maps/search/?api=1&query=Vida%20ativa%20academia%204&query_place_id=ChIJ58vfzCfxXpMR3Wzyjk67Ebc;3.5;15;
Studio Fefit;Academia;Academia;Av. Dom Emanuel O.G.O quadra 30, Lote 18, Aparecida de Goiânia - GO, 74921-220, Brasil;Aparecida de Goiânia;GO;+5562992632268;https://fefit.studio/;https://www.google.com/maps/search/?api=1&query=Studio%20Fefit&query_place_id=ChIJ7ZB7xwT7XpMRM0WFIXZqIPo;5;2;
Espaço Saúde;Academia;Academia;Av. Dr. Ignácio Xavier da Silva - Lot. Expansul, Aparecida de Goiânia - GO, 74986, Brasil;Aparecida de Goiânia;GO;+5562994216091;;https://www.google.com/maps/search/?api=1&query=Espa%C3%A7o%20Sa%C3%BAde&query_place_id=ChIJb7vCCf77XpMRBWpLtwA18Uo;4.8;5;
4Life Fitness Academia 24 Horas;Academia;Academia;Rua Caraíba, Qd 3, R. L-01, S/N - Jardim Mariliza, Goiânia - GO, 74885-090, Brasil;Aparecida de Goiânia;GO;+556239212444;;https://www.google.com/maps/search/?api=1&query=4Life%20Fitness%20Academia%2024%20Horas&query_place_id=ChIJ7cAVdKn6XpMRaKLpKDSbgiI;4.4;384;
Flipper;Academia;Academia;R. 41, Q 56, 0 - Jardim Bela Vista, Aparecida de Goiânia - GO, 74912-130, Brasil;Aparecida de Goiânia;GO;+5562992560810;;https://www.google.com/maps/search/?api=1&query=Flipper&query_place_id=ChIJS_UyuXDwXpMRP6xFnPLXqQw;4.5;98;
FitCorpus Academia;Academia;Academia;R. 1086, S/N - Jardim da Luz, Goiânia - GO, 74850-125, Brasil;Aparecida de Goiânia;GO;+556231574623;http://instagram.com/fitcorpus.academia;https://www.google.com/maps/search/?api=1&query=FitCorpus%20Academia&query_place_id=ChIJUcl1017wXpMRvbvBOP976bY;4.7;333;http://instagram.com/fitcorpus.academia
Millennium Fitness Academia;Academia;Academia;Av. Guajupia, S/N - Qd. 22, Lt. 03 - Jardim Helvecia, Aparecida de Goiânia - GO, 74933-550, Brasil;Aparecida de Goiânia;GO;+556232284021;https://linklist.bio/centrodeterinamentovivafitness;https://www.google.com/maps/search/?api=1&query=Millennium%20Fitness%20Academia&query_place_id=ChIJy6nQDeb3XpMRojL-UqRwfXM;4.8;18;
Academia Bio Fitness;Academia;Academia;Av. Flamingo, Qd 23 - LT 23 - Colina Azul, Aparecida de Goiânia - GO, 74970-580, Brasil;Aparecida de Goiânia;GO;+5562982577820;;https://www.google.com/maps/search/?api=1&query=Academia%20Bio%20Fitness&query_place_id=ChIJoZcJsMT5XpMRvB2VuTrju38;4.9;10;
A2 Fit;Academia;Academia;Avenida Padre Jardim, quadra 44 - lote 03 - Santo Hilario, Goiânia - GO, 74780-290, Brasil;Aparecida de Goiânia;GO;+5562986304483;http://www.instagram.com/a2.fit;https://www.google.com/maps/search/?api=1&query=A2%20Fit&query_place_id=ChIJBRK5_pvtXpMRDQVgTe6yOcQ;4.8;447;http://www.instagram.com/a2.fit
You Fitness Academia;Academia;Academia;Av. Dr. Jahyr Abrão Estrela, Qd 04 - Lt 01 - Residencial Paulo Estrela, Goiânia - GO, 74786-441, Brasil;Aparecida de Goiânia;GO;+5562996203339;https://www.instagram.com/youfitnessoficiall/;https://www.google.com/maps/search/?api=1&query=You%20Fitness%20Academia&query_place_id=ChIJJ7e71ErtXpMRwUpudxPKLWw;4.9;29;https://www.instagram.com/youfitnessoficiall/
Titanium PRO Academia, Goiânia - GO;Academia;Academia;Av. Firenze, 168 - Quadra 08, Lote 31 - Jardim Maria Helena, Goiânia - GO, 74769-766, Brasil;Aparecida de Goiânia;GO;+5562982525714;;https://www.google.com/maps/search/?api=1&query=Titanium%20PRO%20Academia%2C%20Goi%C3%A2nia%20-%20GO&query_place_id=ChIJa2yOA-DtXpMR34x4g_nSpdc;4.7;191;
Leity'sFit Academia Vila Galvão Senador Canedo;Academia;Academia;R. Sussuapara, Qd.T lt. 10 - Vila Galvão, Sen. Canedo - GO, 75254-662, Brasil;Aparecida de Goiânia;GO;+5562996810180;https://www.leitysfitacademia.com.br/;https://www.google.com/maps/search/?api=1&query=Leity'sFit%20Academia%20Vila%20Galv%C3%A3o%20Senador%20Canedo&query_place_id=ChIJ6VuV6VPvXpMRAb6NO4hI15g;4.9;49;
NG ACADEMIA UNIDADE 1-VL CONCÓRDIA;Academia;Academia;R. Gen. Osório, 9 - Vila Concórdia, Goiânia - GO, 74770-350, Brasil;Aparecida de Goiânia;GO;+556232081172;http://business.google.com/website/academia-nova-geracao-unidade1;https://www.google.com/maps/search/?api=1&query=NG%20ACADEMIA%20UNIDADE%201-VL%20CONC%C3%93RDIA&query_place_id=ChIJ979zsg7uXpMRKW7Eaz9sR9c;4.6;195;
Academia Sulivan Lounge;Sala de fitness;Sala de fitness;R. CPR-1, QUADRA 02 - LOTE 13 - Res. Costa Paranhos, Goiânia - GO, Brasil;Aparecida de Goiânia;GO;+556239327640;https://www.instagram.com/academiasulivanlounge/?hl=pt-br;https://www.google.com/maps/search/?api=1&query=Academia%20Sulivan%20Lounge&query_place_id=ChIJTzFodyrxXpMRpQdL3psBlRM;4.7;79;https://www.instagram.com/academiasulivanlounge/?hl=pt-br
Gtx Cross Training;Sala de fitness;Sala de fitness;R. CPR-1, QD 01 - LT 13 - Res. Costa Paranhos, Goiânia - GO, 74783-030, Brasil;Aparecida de Goiânia;GO;+5562992268791;;https://www.google.com/maps/search/?api=1&query=Gtx%20Cross%20Training&query_place_id=ChIJUXlIF6PtXpMRoLK0elvAcM8;4.9;135;
Leo's Fitness - Academia Em Senador Canedo;Sala de fitness;Sala de fitness;Av. Dr. José Carneiro, Qd.18 - Lt.12 - Residencial Jardim, Sen. Canedo - GO, 75250-157, Brasil;Aparecida de Goiânia;GO;+5562985738796;;https://www.google.com/maps/search/?api=1&query=Leo's%20Fitness%20-%20Academia%20Em%20Senador%20Canedo&query_place_id=ChIJqQfLZ17pXpMRvesmHUeIqNE;4.7;69;
On Fit;Sala de fitness;Sala de fitness;de Lima - Av. Antônio Flávio Lima, Quadra 11, Lote 01 ao 04 - Res. Boa Vista, Sen. Canedo - GO, 75258-772, Brasil;Aparecida de Goiânia;GO;+5562992081251;;https://www.google.com/maps/search/?api=1&query=On%20Fit&query_place_id=ChIJOU8wEJLpXpMROTnh9SUsX7k;4.8;217;
Beni Prime Academia Senador Canedo;Academia;Academia;Rua Itapurã , Qd 18, lt 13/14 , Setor Central 3 - Setor central, Sen. Canedo - GO, 75250-005, Brasil;Aparecida de Goiânia;GO;+5562992259133;http://www.beniprimeacademia.com.br/;https://www.google.com/maps/search/?api=1&query=Beni%20Prime%20Academia%20Senador%20Canedo&query_place_id=ChIJQaSfbZfoXpMRyQT_lO_TWCA;4.7;306;
SkyFit Vila Pedroso (GOIÂNIA);Academia;Academia;R. TR1, QD. - LT.08 - Vila Pedroso, Goiânia - GO, 74769-754, Brasil;Aparecida de Goiânia;GO;+5562999606576;https://www.instagram.com/skyfitvilapedroso?igsh=MW9wNjF4ank0Nmc2Zw==;https://www.google.com/maps/search/?api=1&query=SkyFit%20Vila%20Pedroso%20(GOI%C3%82NIA)&query_place_id=ChIJ-QCB0TvvXpMREooDnhiEiLQ;4.3;45;https://www.instagram.com/skyfitvilapedroso?igsh=mw9wnjf4ank0nmc2zw==
Mega fitness 3;Academia;Academia;R. Dr. Anuar Auad - Centro, Sen. Canedo - GO, 75250-000, Brasil;Aparecida de Goiânia;GO;+5562998144846;;https://www.google.com/maps/search/?api=1&query=Mega%20fitness%203&query_place_id=ChIJC99YGMvpXpMRxI0SuJsDYfo;4.9;28;
Academia Arena Fit;Sala de fitness;Sala de fitness;R. Aimorés, Qd. 30 - Lt.08 - Vila Santa Rosa, Sen. Canedo - GO, 75250-000, Brasil;Aparecida de Goiânia;GO;+556235124365;https://www.facebook.com/Arena.Fit.Acad/;https://www.google.com/maps/search/?api=1&query=Academia%20Arena%20Fit&query_place_id=ChIJ6atUY5voXpMRCNqX6Fbtu-c;4.6;127;
ACADEMIA FULL FIT;Academia;Academia;Rua pitanga, Quadra 07 - Lote 50 - Bosque Sereno Residencial, Sen. Canedo - GO, 75260-634, Brasil;Aparecida de Goiânia;GO;+5562992207467;;https://www.google.com/maps/search/?api=1&query=ACADEMIA%20FULL%20FIT&query_place_id=ChIJGXWHiIbpXpMRlFSr_YXIU50;4.9;22;
NG Academia;Academia;Academia;Av. Sen. Canedo, 16 - Quadra 29A - Jardim das Oliveiras, Sen. Canedo - GO, 75256-207, Brasil;Aparecida de Goiânia;GO;+5562985992879;;https://www.google.com/maps/search/?api=1&query=NG%20Academia&query_place_id=ChIJE2t_HyDsXpMRM3EwCpdkNxw;4.5;201;
WA FIT;Academia;Academia;Av. Bahia - Vila Galvão, Sen. Canedo - GO, 75250-000, Brasil;Aparecida de Goiânia;GO;+5562986102229;;https://www.google.com/maps/search/?api=1&query=WA%20FIT&query_place_id=ChIJgXoRSjXuXpMRxiPhc0b0_tU;4.9;14;
Academia Live More;Academia;Academia;Av. Leonardo da Vinci, 10 - Qd.18 Lt. 9 - Jardim da Luz, Goiânia - GO, 74850-490, Brasil;Aparecida de Goiânia;GO;+556232496172;;https://www.google.com/maps/search/?api=1&query=Academia%20Live%20More&query_place_id=ChIJ943OA17wXpMRXeseE0jfAsw;4.5;185;
GT fitness;Academia;Academia;Av. Aristóteles, quadra 11 - lote 12 - Jardim Mariliza, Goiânia - GO, 74885-030, Brasil;Aparecida de Goiânia;GO;+5562981648548;;https://www.google.com/maps/search/?api=1&query=GT%20fitness&query_place_id=ChIJE3MJBK3lXpMRM8eVfCajH_M;5;12;
Optimus Jardim Bela Vista;Academia;Academia;Av. Bela Vista, Qd.09 - Lt.02 - Goiânia, GO, 74912-261, Brasil;Aparecida de Goiânia;GO;+5562993952971;;https://www.google.com/maps/search/?api=1&query=Optimus%20Jardim%20Bela%20Vista&query_place_id=ChIJk3QREADxXpMRKHC_Mu0xhPU;4.6;39;
Now Studio Fitness;Sala de fitness;Sala de fitness;R. Cruzeiro do Sul, quadra T2 lote 14 - Jardim Bela Vista, Goiânia - GO, 74863-070, Brasil;Aparecida de Goiânia;GO;+5562994345517;;https://www.google.com/maps/search/?api=1&query=Now%20Studio%20Fitness&query_place_id=ChIJvbz0OGXwXpMRFrYYlvDLy3w;4.9;54;
Optimus Academia Parque Flamboyant (Musculação/Ritmos/Zumba/Academia/Funcional/Glúteo/Body Combat);Academia;Academia;Av. Virgílio Joaquim Ferreira, 206-342 - Parque Flamboyant, Goiânia - GO, 74860-615, Brasil;Aparecida de Goiânia;GO;+556239520424;https://www.instagram.com/optimus_academia?igsh=MWw2MHZwOTExZ3gzag==;https://www.google.com/maps/search/?api=1&query=Optimus%20Academia%20Parque%20Flamboyant%20(Muscula%C3%A7%C3%A3o%2FRitmos%2FZumba%2FAcademia%2FFuncional%2FGl%C3%BAteo%2FBody%20Combat)&query_place_id=ChIJVfyAqAvwXpMRKO2osw_XVmI;4.3;306;https://www.instagram.com/optimus_academia?igsh=mww2mhzwotexz3gzag==
Brasil Divisórias;Sala de fitness;Sala de fitness;Av. Simon Bolívar, Qd. 33, Lt. 09, s/n - Parque Montreal, Aparecida de Goiânia - GO, 74988-170, Brasil;Aparecida de Goiânia;GO;+556235846453;;https://www.google.com/maps/search/?api=1&query=Brasil%20Divis%C3%B3rias&query_place_id=ChIJJ-6DmL_8XpMRP-qaK_qcdiA;4.9;10;
Academia Paulo Boxe Brasil;Academia de artes marciais;Academia de artes marciais;Av. W-5, qd 138 - lt 08 - Sítios Santa Luzia, Aparecida de Goiânia - GO, 74921-300, Brasil;Aparecida de Goiânia;GO;+5562995659991;https://instagram.com/pauloboxebrasil?igshid=ZDc4ODBmNjlmNQ==;https://www.google.com/maps/search/?api=1&query=Academia%20Paulo%20Boxe%20Brasil&query_place_id=ChIJSRLMu3zxXpMRWYAeDTJ_R_E;5;17;https://instagram.com/pauloboxebrasil?igshid=zdc4odbmnjlmnq==
Academia L1 Fitness - Jardim das Rosas;Academia;Academia;R. Dona Florinda - Res. Sao Marcos, Goiânia - GO, 74487-000, Brasil;Aparecida de Goiânia;GO;+5562994684255;https://www.instagram.com/academial1fitnesss;https://www.google.com/maps/search/?api=1&query=Academia%20L1%20Fitness%20-%20Jardim%20das%20Rosas&query_place_id=ChIJ78crIwBZXpMRn53yblBGSUk;4.8;12;https://www.instagram.com/academial1fitnesss
Academia Top Fitness;Sala de fitness;Sala de fitness;R. Valentim Capuzzo, qd 6 - lt 3 - Lorena Park, Goiânia - GO, 74483-740, Brasil;Aparecida de Goiânia;GO;+5562993063112;https://instagram.com/topfitnessgoiania?r=nametag;https://www.google.com/maps/search/?api=1&query=Academia%20Top%20Fitness&query_place_id=ChIJgxMaBv31XpMR5C6UaUeB_Jk;4.8;138;https://instagram.com/topfitnessgoiania?r=nametag
Voltz fit academia;Academia;Academia;Rua Marajoara, 361 Rua Marajoara,qd 11,lt 01 ,setor tropical verde - Parque Industrial Joao Braz, Goiânia - GO, 74483-360, Brasil;Aparecida de Goiânia;GO;+556235737882;;https://www.google.com/maps/search/?api=1&query=Voltz%20fit%20academia&query_place_id=ChIJ7WsfZ-f1XpMRvo6_2_3rS1g;4.6;355;
On Fitness;Academia;Academia;Alameda Higino Píres Martins, Qd 46 lt 37 N 714 - Res. Solar Ville, Goiânia - GO, 74471-010, Brasil;Aparecida de Goiânia;GO;+5562981886611;;https://www.google.com/maps/search/?api=1&query=On%20Fitness&query_place_id=ChIJT9xlbVf1XpMR738aGcRu0h8;4.6;74;
Magnum fit academia;Academia;Academia;R. Brasília, qd 22 - LT 05 - São Francisco, Goiânia - GO, 74455-060, Brasil;Aparecida de Goiânia;GO;+5562991043196;;https://www.google.com/maps/search/?api=1&query=Magnum%20fit%20academia&query_place_id=ChIJwxnf9ar1XpMRT_6TEDkr_48;5;13;
Academia Transforme six;Academia;Academia;Av. Circular, quadra 130 - lote 11 - Parque Oeste Industrial, Goiânia - GO, 74375-040, Brasil;Aparecida de Goiânia;GO;+556230951618;http://www.facebook.com/academiasixpackfitness;https://www.google.com/maps/search/?api=1&query=Academia%20Transforme%20six&query_place_id=ChIJuz9ao2P2XpMRET6ttE--pAc;4.4;212;
BPM FITNESS;Academia;Academia;515, Av. Contorno, 427 - Jardim das Hortensias, Goiânia - GO, 74474-100, Brasil;Aparecida de Goiânia;GO;+5562994768250;http://www.facebook.com/bpmfitnessgoiania;https://www.google.com/maps/search/?api=1&query=BPM%20FITNESS&query_place_id=ChIJIziEUiT1XpMRwqQp7ajoNEA;4.7;199;
Academia Meta bairro (goiá);Academia;Academia;Rua Rua lisieux, quadra 01, lote 18, número 133 - Goiá, Goiânia - GO, 74486-050, Brasil;Aparecida de Goiânia;GO;+5562994632217;https://www.instagram.com/academiametagoia?igsh=OGY0eTZheDh2bmlj&utm_source=qr;https://www.google.com/maps/search/?api=1&query=Academia%20Meta%20bairro%20(goi%C3%A1)&query_place_id=ChIJ8369jM31XpMRLPF4V-v-UxU;4.7;90;https://www.instagram.com/academiametagoia?igsh=ogy0etzhedh2bmlj&utm_source=qr
Academia Atrio Pro Fit;Academia;Academia;Na rua do Atacadista sim - Rua dos cocais quadra 07 lote 03 jardim colorado - Setor Jd. colorado, Goiânia - GO, 74475-049, Brasil;Aparecida de Goiânia;GO;+5562982040827;https://www.contate.me/gilcaopetshop;https://www.google.com/maps/search/?api=1&query=Academia%20Atrio%20Pro%20Fit&query_place_id=ChIJVdqTlSj1XpMRv9KsYPxdoEc;5;23;
Spartacus CF. Centro de Treinamento;Academia;Academia;R. CM 12, 525-563 - St. Candida de Morais, Goiânia - GO, 74463-260, Brasil;Aparecida de Goiânia;GO;+5562992322053;https://hispania.my.canva.site/spartacus;https://www.google.com/maps/search/?api=1&query=Spartacus%20CF.%20Centro%20de%20Treinamento&query_place_id=ChIJWbzD6PX1XpMRkJjrO70KnYE;5;125;
Academia Autêntica Sport;Academia;Academia;Av. Anhanguera, 13037 - Ipiranga, Goiânia - GO, 74453-390, Brasil;Aparecida de Goiânia;GO;+556239414899;https://m.facebook.com/pages/category/Gym-Physical-Fitness-Center/Aut%C3%AAntica-Sport-Academia-353448481387585/?locale2=pt_BR;https://www.google.com/maps/search/?api=1&query=Academia%20Aut%C3%AAntica%20Sport&query_place_id=ChIJ1dWMGk30XpMRzh58EAIPrJI;4.7;127;
Academia Belga;Sala de fitness;Sala de fitness;Avenida Ephraim de, Av. Efraim de Morais - santos dumont, Goiânia - GO, 74463-400, Brasil;Aparecida de Goiânia;GO;+556235812416;https://instagram.com/academia.belga?igshid=88ptbg7x1uf9;https://www.google.com/maps/search/?api=1&query=Academia%20Belga&query_place_id=ChIJ54cp5oP1XpMRAiqOBq398jM;4.2;77;https://instagram.com/academia.belga?igshid=88ptbg7x1uf9
Ello fitnes;Academia;Academia;R. Todos Os Santos - Lot. Tropical Verde, Goiânia - GO, 74483-620, Brasil;Aparecida de Goiânia;GO;+5562994797026;https://www.instagram.com/ellofitnessacademia/;https://www.google.com/maps/search/?api=1&query=Ello%20fitnes&query_place_id=ChIJyfLOGAD1XpMRk1DRRALk9kI;4.9;17;https://www.instagram.com/ellofitnessacademia/
Academia Sport Total II;Academia;Academia;Av. Gabriel Henrique de Araújo, 1323 - Solange Park I, Goiânia - GO, 74484-077, Brasil;Aparecida de Goiânia;GO;+5562984451267;;https://www.google.com/maps/search/?api=1&query=Academia%20Sport%20Total%20II&query_place_id=ChIJFzVOzQn2XpMRtOrcYGq7npo;4.2;248;
Academia AQUA MIX;Academia;Academia;R. Cristóvão Colombo - Parque Industrial Joao Bras, Goiânia - GO, 74483-190, Brasil;Aparecida de Goiânia;GO;+5562994634632;https://www.facebook.com/academiaaquamix/;https://www.google.com/maps/search/?api=1&query=Academia%20AQUA%20MIX&query_place_id=ChIJx3Tkefz1XpMRftfueQmVa6s;4.7;86;
Academia Arena Fitness;Sala de fitness;Sala de fitness;Av. Tóquio, Qd 71 - lt 19 - Parque Industrial Joao Braz, Goiânia - GO, 74483-550, Brasil;Aparecida de Goiânia;GO;+5562982336265;https://instagram.com/arenafitnessltda?igshid=MzRlODBiNWFlZA==;https://www.google.com/maps/search/?api=1&query=Academia%20Arena%20Fitness&query_place_id=ChIJTbbdz5D1XpMRV-eNzcLxU6g;4.5;88;https://instagram.com/arenafitnessltda?igshid=mzrlodbinwflza==
VSA Fitness - Academia;Sala de fitness;Sala de fitness;Av. Tóquio, Alameda Goiânia Viva, 04 - Qd. 27 - Lt, Goiânia - GO, 74484-426, Brasil;Aparecida de Goiânia;GO;+556236386046;;https://www.google.com/maps/search/?api=1&query=VSA%20Fitness%20-%20Academia&query_place_id=ChIJS4b_WSf3XpMRMZqDL1a3sTw;4.8;89;
Adrenaline Lorena Park;Academia;Academia;R. Cristóvão Colombo, QUADRA03 LOTE 04/06 - Lorena Park, Goiânia - GO, 74483-720, Brasil;Aparecida de Goiânia;GO;+5562996693882;https://www.instagram.com/adrenalinelorenapark?igsh=MWtyaDJkb3JlZzJicA==;https://www.google.com/maps/search/?api=1&query=Adrenaline%20Lorena%20Park&query_place_id=ChIJB8WQNgD1XpMRkE79W2lBs80;4.4;95;https://www.instagram.com/adrenalinelorenapark?igsh=mwtyadjkb3jlzzjica==
Bodytech;Academia;Academia;R. 147, 75 - St. Marista, Goiânia - GO, 74170-100, Brasil;Aparecida de Goiânia;GO;+556240136464;http://www.bodytech.com.br/marista?utm_source=googlebuiss&utm_campaign=Marista;https://www.google.com/maps/search/?api=1&query=Bodytech&query_place_id=ChIJi_9_0hTxXpMRiL_abKHwPHU;4.6;884;
Academia Power Muscle;Sala de fitness;Sala de fitness;Avenida Santo Afonso, Quadra 516, Lote 11. Numero 18, Av. Santo Afonso, 18 - St. Sao Jose, Goiânia - GO, 74440-280, Brasil;Aparecida de Goiânia;GO;+556232711060;;https://www.google.com/maps/search/?api=1&query=Academia%20Power%20Muscle&query_place_id=ChIJkdGIoCj1XpMRjBeBQeh53I8;4.9;76;
H+ Academia - Centro;Academia;Academia;R. 61, 59 - St. Central, Goiânia - GO, 74045-080, Brasil;Aparecida de Goiânia;GO;+5562981444879;https://instagram.com/academia_hmais?igshid=YmMyMTA2M2Y=;https://www.google.com/maps/search/?api=1&query=H%2B%20Academia%20-%20Centro&query_place_id=ChIJtcRVmNzzXpMRZUpBpDthrPU;4.9;373;https://instagram.com/academia_hmais?igshid=ymmymta2m2y=
Stillu's Academia;Sala de fitness;Sala de fitness;Av. F, 1151 - Água Branca, Goiânia - GO, 74723-100, Brasil;Aparecida de Goiânia;GO;+556236450058;;https://www.google.com/maps/search/?api=1&query=Stillu's%20Academia&query_place_id=ChIJcXPAk8nxXpMRVji5TNsy0Zo;4.8;179;
West Select;Academia;Academia;R. 7, QD C - LT 18 N 124 - St. Mal. Rondon, Goiânia - GO, 74560-350, Brasil;Aparecida de Goiânia;GO;+556232923559;https://instagram.com/westselectacademia?igshid=YmMyMTA2M2Y=;https://www.google.com/maps/search/?api=1&query=West%20Select&query_place_id=ChIJK2y1PO3zXpMRCeGGdWqanHE;4.8;460;https://instagram.com/westselectacademia?igshid=ymmymta2m2y=
Lima Fitness Academia;Sala de fitness;Sala de fitness;Av. Raposo Taváres, quadra 15 - lote 17 - St. Vila João Vaz, Goiânia - GO, 74445-210, Brasil;Aparecida de Goiânia;GO;+5562996713199;https://www.instagram.com/limafitnessgo/;https://www.google.com/maps/search/?api=1&query=Lima%20Fitness%20Academia&query_place_id=ChIJayOVzFD0XpMR2Kz6KPR_9Sg;4.7;249;https://www.instagram.com/limafitnessgo/
Academia Family Fitness;Academia;Academia;Av. Acary Passos, 1162 - Conj. Res. Aruana III, Goiânia - GO, 74740-350, Brasil;Aparecida de Goiânia;GO;+5562982190674;https://www.instagram.com/afamilyfitness;https://www.google.com/maps/search/?api=1&query=Academia%20Family%20Fitness&query_place_id=ChIJgU-B6iDuXpMRaC-dxQsqq6A;4.7;219;https://www.instagram.com/afamilyfitness
FITNESS 4 YOU;Academia;Academia;R. Sen. Jaime, qd i LT 20/21 - Vila Isaura, Goiânia - GO, 74553-220, Brasil;Aparecida de Goiânia;GO;+556232134874;http://mkt.academiafitness4you.com.br/landing-page-f4y;https://www.google.com/maps/search/?api=1&query=FITNESS%204%20YOU&query_place_id=ChIJ7-VXg4zzXpMRwQ8_14OIME0;4.8;437;
Academia Viana Fitness;Academia;Academia;Pr. do Cruzeiro, 172 - St. Sul, Goiânia - GO, 74093-320, Brasil;Aparecida de Goiânia;GO;+556232816448;https://instagram.com/academiavianafitness?igshid=YmMyMTA2M2Y=;https://www.google.com/maps/search/?api=1&query=Academia%20Viana%20Fitness&query_place_id=ChIJRTdTFRPxXpMRH-ddEYp-_08;4.4;389;https://instagram.com/academiavianafitness?igshid=ymmymta2m2y=
Life Ex academia;Sala de fitness;Sala de fitness;Av. Eng. Fuad Rassi, qd. K lt 10 - nº 709 - Goiânia, GO, 74655-220, Brasil;Aparecida de Goiânia;GO;+5562983409444;https://www.lifeex.com.br/;https://www.google.com/maps/search/?api=1&query=Life%20Ex%20academia&query_place_id=ChIJF1aDktfzXpMRuPtzzsb6vBU;4.7;191;
ParkFít Academia;Sala de fitness;Sala de fitness;Av. Carrinho Cunha, Quadea E, Lote 07, S/N - Parque das Flores, Goiânia - GO, 74574-003, Brasil;Aparecida de Goiânia;GO;+5562981882633;;https://www.google.com/maps/search/?api=1&query=ParkF%C3%ADt%20Academia&query_place_id=ChIJ8ZYpBLz0XpMR4fnbO9zi_IM;4.5;296;
Academia Renova Fitness;Academia;Academia;esquina com - Avenida A, Av. Anhanguera, numero 832, Goiânia - GO, 74645-210, Brasil;Aparecida de Goiânia;GO;+556230897633;;https://www.google.com/maps/search/?api=1&query=Academia%20Renova%20Fitness&query_place_id=ChIJFZh9dQHzXpMRUrDQt5WSa3I;4.9;42;
Adrenaline Fitness - Goiânia 2;Academia;Academia;Quadra32, Av. Perimetral Norte - St. Goiânia 2, Goiânia - GO, 74665-510, Brasil;Aparecida de Goiânia;GO;+5562998160808;;https://www.google.com/maps/search/?api=1&query=Adrenaline%20Fitness%20-%20Goi%C3%A2nia%202&query_place_id=ChIJbQSflIHxXpMRXQU7S1BzOVg;4.5;206;
3 Fit Academia;Academia;Academia;Av. Ver. José Monteiro, S/N - Setor Negrão de Lima, Goiânia - GO, 74650-300, Brasil;Aparecida de Goiânia;GO;+5562992322817;https://3fitacademia.com.br/;https://www.google.com/maps/search/?api=1&query=3%20Fit%20Academia&query_place_id=ChIJiaypqyjzXpMRMSugisMtOTw;4.9;176;
Academia Engenharia do Corpo - São Francisco, Goiânia;Academia;Academia;Av. Castelo Branco, QD 70 - LT 01-09 - São Francisco, Goiânia - GO, 74455-055, Brasil;Aparecida de Goiânia;GO;+5562993045528;https://engenhariadocorpo.com.br/unidade/goiania-sao-francisco/;https://www.google.com/maps/search/?api=1&query=Academia%20Engenharia%20do%20Corpo%20-%20S%C3%A3o%20Francisco%2C%20Goi%C3%A2nia&query_place_id=ChIJIZ67bWn1XpMRIQ-TYl0KIxs;4.5;453;
Gym Fit Academia;Academia;Academia;Rua Inhadui com - R. Perimetral 4, 242 - Jardim California, Goiânia - GO, 74735-100, Brasil;Aparecida de Goiânia;GO;+556232842638;;https://www.google.com/maps/search/?api=1&query=Gym%20Fit%20Academia&query_place_id=ChIJ6VrYKijxXpMRzJUFwzHdIYw;4.6;135;
DELTA Academia;Sala de fitness;Sala de fitness;R. C-139, 121 - QD 211 LT 02 - Jardim América, Goiânia - GO, 74255-460, Brasil;Aparecida de Goiânia;GO;+5562998644226;https://wa.me/5562992372090?text=Ol%C3%A1+%21+eu+vim+do+Google+Maps;https://www.google.com/maps/search/?api=1&query=DELTA%20Academia&query_place_id=ChIJLeJFF2vxXpMR1RrcliaJ_Io;4.6;143;
Performance Academia;Academia;Academia;R. Comendador Assad Abdala, qd 2 - LOTE 4 - Vila Mariana, Aparecida de Goiânia - GO, 74938-070, Brasil;Aparecida de Goiânia;GO;+556232050951;;https://www.google.com/maps/search/?api=1&query=Performance%20Academia&query_place_id=ChIJf9wyGGL3XpMR2jK88vbuHdE;4.6;25;
GARRA CROSS;Sala de fitness;Sala de fitness;Av. V 5 Q 243, L 04 0 - Conj. Vera Cruz, Aparecida de Goiânia - GO, 74936-600, Brasil;Aparecida de Goiânia;GO;+5562993887472;http://instagram.com/garracross/;https://www.google.com/maps/search/?api=1&query=GARRA%20CROSS&query_place_id=ChIJISMkeC_5XpMRyvIgSmpxRVE;4.8;101;http://instagram.com/garracross/
Academia;Academia;Academia;R. Serra Dourada, 2 - Parque Haiala, Aparecida de Goiânia - GO, 74973-150, Brasil;Aparecida de Goiânia;GO;+5562995039619;;https://www.google.com/maps/search/?api=1&query=Academia&query_place_id=ChIJiygAuW_5XpMREfM61CVZX9A;4.3;35;
Best fit Academia;Academia;Academia;Av. Abaeté - St. Faicalville, Goiânia - GO, 74350-010, Brasil;Aparecida de Goiânia;GO;+5562998333494;;https://www.google.com/maps/search/?api=1&query=Best%20fit%20Academia&query_place_id=ChIJ0U1idgD3XpMRtKj25ICIPq0;4.9;74;
CN Academia;Academia;Academia;Praça Quadra 122, R. José Bonifácio da Silva, 22 - Bairro Independência Mansões, Aparecida de Goiânia - GO, 74959-268, Brasil;Aparecida de Goiânia;GO;+5562992832920;;https://www.google.com/maps/search/?api=1&query=CN%20Academia&query_place_id=ChIJhX_Ofz75XpMRLS1CckYmPVQ;4.4;48;
